App_Scenario,K,A_d,M_a,Gamma_0,Gamma_1,Alpha_1,Profit
I,422158,598195,7176,0.01,0.2,0.24,na
III,967541,754743,10449,0.01,0.2,0.4,na
III,882274,562791,7940,0.01,0.2,0.466666667,na
III,171005,198187,2821,0.01,0.2,0.272,na
I,721990,1009891,12995,0.01,0.2,0.264,na
III,263448,55509,843,0.01,0.2,1.4,na
I,292438,78206,906,0.01,0.2,1.64,na
I,735199,158335,2573,0.01,0.2,1.56,na
III,794102,195220,3414,0.01,0.2,1.24,na
I,900781,177766,2972,0.01,0.2,1.68,na
III,372100,241682,4241,0.01,0.2,0.466666667,na
I,172036,216157,2580,0.01,0.2,0.392,na
I,605485,714072,9082,0.01,0.2,0.392,na
I,954199,276846,3816,0.01,0.2,1.48,na
I,563168,264098,5575,0.01,0.2,0.413333333,na
III,262897,65761,1314,0.01,0.2,1.24,na
I,955438,149657,3057,0.01,0.2,2.08,na
I,824595,467923,8658,0.01,0.2,0.413333333,na
I,468124,600079,12171,0.01,0.2,0.256,na
I,712194,623570,11395,0.01,0.2,0.416,na
III,787355,110296,2440,0.01,0.2,1.84,na
I,684755,199139,2396,0.01,0.2,1.92,na
I,122610,25278,527,0.01,0.2,1.64,na
I,349345,79617,1152,0.01,0.2,2.04,na
I,763830,456284,9165,0.01,0.2,0.586666667,na
III,136581,61035,1270,0.01,0.2,0.413333333,na
I,366421,385657,6229,0.01,0.2,0.416,na
I,738548,1090986,11078,0.01,0.2,0.448,na
I,148345,155389,2521,0.01,0.2,0.416,na
I,632807,84373,2214,0.01,0.2,1.4,na
I,115325,20243,438,0.01,0.2,1.24,na
III,785152,334848,7773,0.01,0.2,0.48,na
I,916412,330143,9622,0.01,0.2,0.466666667,na
I,969366,983021,15994,0.01,0.2,0.432,na
I,394973,507892,6319,0.01,0.2,0.448,na
III,629264,80840,2013,0.01,0.2,2.2,na
I,862460,240677,5347,0.01,0.2,1.28,na
I,738436,118324,2953,0.01,0.2,1.24,na
I,419677,110234,1930,0.01,0.2,1.72,na
I,259626,180552,3349,0.01,0.2,0.586666667,na
I,449711,361984,6970,0.01,0.2,0.32,na
I,523766,601168,11260,0.01,0.2,0.352,na
I,858881,1135704,23189,0.01,0.2,0.28,na
III,262914,126055,3154,0.01,0.2,0.493333333,na
I,620888,293477,7636,0.01,0.2,0.426666667,na
I,700834,361192,7779,0.01,0.2,0.493333333,na
I,700797,588640,14015,0.01,0.2,0.4,na
I,349958,304634,6824,0.01,0.2,0.28,na
I,423533,93606,1312,0.01,0.2,2.84,na
I,539571,109922,2158,0.01,0.2,2.12,na
III,581466,115884,3198,0.01,0.2,1.24,na
I,583114,106031,2565,0.01,0.2,2,na
I,707550,384106,10188,0.01,0.2,0.586666667,na
I,252757,210765,2881,0.01,0.2,0.773333333,na
I,461755,407715,6095,0.01,0.2,0.666666667,na
I,871131,346927,9669,0.01,0.2,0.52,na
I,211665,79343,2095,0.01,0.2,0.56,na
I,134463,78888,1855,0.01,0.2,0.64,na
I,896805,1116318,15245,0.01,0.2,0.52,na
I,548026,498328,10686,0.01,0.2,0.296,na
I,892679,1013556,16960,0.01,0.2,0.464,na
I,890783,187909,3830,0.01,0.2,2.16,na
III,591765,69574,1952,0.01,0.2,1.24,na
I,240971,39909,843,0.01,0.2,2.56,na
I,444825,75482,1645,0.01,0.2,1.64,na
I,476153,58520,1761,0.01,0.2,1.64,na
III,923965,385818,11087,0.01,0.2,0.48,na
I,148059,98695,1687,0.01,0.2,0.813333333,na
I,307360,178302,3503,0.01,0.2,0.786666667,na
I,777003,522844,8158,0.01,0.2,0.853333333,na
III,541495,560179,16244,0.01,0.2,0.248,na
I,631297,443709,14519,0.01,0.2,0.264,na
I,297786,195427,4615,0.01,0.2,0.392,na
I,167146,29677,568,0.01,0.2,1.88,na
III,312939,31898,938,0.01,0.2,2.44,na
I,715478,187319,3505,0.01,0.2,1.92,na
III,837972,124642,3687,0.01,0.2,2.12,na
I,377636,93715,1812,0.01,0.2,1.96,na
I,857978,107265,3002,0.01,0.2,2.68,na
I,800419,202316,4962,0.01,0.2,1.52,na
III,674372,68411,2090,0.01,0.2,2.6,na
III,459997,188644,5519,0.01,0.2,0.533333333,na
I,994660,584244,17008,0.01,0.2,0.573333333,na
III,834908,260966,11772,0.01,0.2,0.413333333,na
III,509159,152039,4582,0.01,0.2,0.626666667,na
I,530933,189208,6052,0.01,0.2,0.56,na
I,776626,587208,7222,0.01,0.2,1.053333333,na
I,727470,771879,14549,0.01,0.2,0.488,na
III,956013,117668,3537,0.01,0.2,1.32,na
I,764344,50777,2369,0.01,0.2,2.16,na
I,915030,114452,4941,0.01,0.2,1.2,na
I,398235,42918,1433,0.01,0.2,1.8,na
I,723009,181012,2819,0.01,0.2,2.64,na
I,630442,111646,2647,0.01,0.2,1.6,na
III,598770,225710,7005,0.01,0.2,0.773333333,na
I,351314,164731,3161,0.01,0.2,0.72,na
III,942091,620106,19312,0.01,0.2,0.44,na
I,240485,192382,3968,0.01,0.2,0.408,na
III,779365,596815,18315,0.01,0.2,0.272,na
I,525037,580917,11813,0.01,0.2,0.44,na
I,406854,466845,11188,0.01,0.2,0.36,na
I,209996,199783,6404,0.01,0.2,0.336,na
I,243190,30662,1215,0.01,0.2,1.36,na
I,320501,65222,1346,0.01,0.2,2.56,na
I,569336,65424,2789,0.01,0.2,1.44,na
I,460290,112873,2347,0.01,0.2,2.04,na
III,590561,51751,2480,0.01,0.2,1.36,na
I,615994,162912,3634,0.01,0.2,1.76,na
I,249762,29164,874,0.01,0.2,2.96,na
III,585484,80895,2576,0.01,0.2,1.28,na
I,571367,65817,2799,0.01,0.2,1.44,na
I,738213,439908,10851,0.01,0.2,0.733333333,na
I,265955,162337,4920,0.01,0.2,0.56,na
I,166930,241889,4173,0.01,0.2,0.416,na
I,264068,105791,5281,0.01,0.2,0.352,na
III,260476,183857,5860,0.01,0.2,0.24,na
I,269565,199350,4717,0.01,0.2,0.616,na
I,167002,66224,2672,0.01,0.2,0.424,na
III,121758,11086,572,0.01,0.2,1.24,na
III,698883,209163,10483,0.01,0.2,0.4,na
I,971240,747365,18939,0.01,0.2,0.56,na
III,356138,111737,3632,0.01,0.2,0.413333333,na
I,398167,253583,8242,0.01,0.2,0.546666667,na
I,952708,375735,12004,0.01,0.2,0.866666667,na
I,688747,462136,12397,0.01,0.2,0.626666667,na
III,133001,62340,2061,0.01,0.2,0.32,na
III,270230,158022,5269,0.01,0.2,0.296,na
I,404927,165646,7693,0.01,0.2,0.376,na
I,737579,546882,17333,0.01,0.2,0.48,na
I,634388,848377,14908,0.01,0.2,0.464,na
I,690617,578508,19337,0.01,0.2,0.264,na
III,750774,78972,2928,0.01,0.2,2.8,na
III,955047,93581,3438,0.01,0.2,2.4,na
I,843202,532735,16948,0.01,0.2,0.586666667,na
I,339490,153862,5194,0.01,0.2,0.746666667,na
I,638021,546612,14674,0.01,0.2,0.496,na
I,188892,257834,4816,0.01,0.2,0.464,na
I,880925,1209948,16737,0.01,0.2,0.6,na
I,612786,446715,15013,0.01,0.2,0.464,na
III,358253,170247,8956,0.01,0.2,0.256,na
I,727321,912683,21455,0.01,0.2,0.4,na
III,858323,85112,3261,0.01,0.2,2.36,na
I,480630,100874,2595,0.01,0.2,2.28,na
I,841487,143562,3702,0.01,0.2,2.8,na
III,870234,158066,5917,0.01,0.2,1.4,na
I,989759,188594,5344,0.01,0.2,2.28,na
I,621850,458442,8581,0.01,0.2,0.893333333,na
I,274351,81958,3539,0.01,0.2,0.626666667,na
I,605970,259916,7635,0.01,0.2,0.64,na
III,210577,45099,2590,0.01,0.2,0.64,na
I,657181,543073,17743,0.01,0.2,0.456,na
I,678360,762570,22046,0.01,0.2,0.368,na
III,642711,450908,16710,0.01,0.2,0.312,na
I,828251,825329,20292,0.01,0.2,0.488,na
I,765749,473559,24886,0.01,0.2,0.248,na
I,946002,820728,21758,0.01,0.2,0.52,na
I,987360,1407860,30608,0.01,0.2,0.384,na
III,469431,207969,7276,0.01,0.2,0.24,na
III,395005,54860,5925,0.01,0.2,0.248,na
I,142679,34869,898,0.01,0.2,2.04,na
III,512085,73839,2918,0.01,0.2,1.28,na
I,169567,28992,729,0.01,0.2,3,na
I,329052,39937,1052,0.01,0.2,2.64,na
I,304929,80781,2104,0.01,0.2,1.8,na
I,931099,110910,3445,0.01,0.2,2.28,na
I,888641,155223,5687,0.01,0.2,1.32,na
I,358360,173778,3332,0.01,0.2,0.906666667,na
I,714320,359714,13286,0.01,0.2,0.44,na
I,776972,193171,9323,0.01,0.2,0.68,na
III,117283,67857,2638,0.01,0.2,0.384,na
III,195091,124685,4877,0.01,0.2,0.448,na
I,408625,555300,8581,0.01,0.2,0.592,na
I,519249,384016,17135,0.01,0.2,0.248,na
I,425569,115116,2127,0.01,0.2,2.68,na
I,593726,116968,2137,0.01,0.2,2.36,na
III,163481,16538,670,0.01,0.2,2.44,na
III,447755,46157,1791,0.01,0.2,1.2,na
III,952054,50525,3046,0.01,0.2,2.52,na
III,172346,14866,913,0.01,0.2,1.28,na
I,184998,52256,1720,0.01,0.2,0.946666667,na
I,623020,515589,10840,0.01,0.2,0.746666667,na
I,993716,280976,17290,0.01,0.2,0.506666667,na
III,780291,170476,10299,0.01,0.2,0.6,na
III,709741,241145,9794,0.01,0.2,0.426666667,na
I,152331,59292,2010,0.01,0.2,0.666666667,na
III,718712,322632,12577,0.01,0.2,0.296,na
I,552370,673631,18504,0.01,0.2,0.4,na
I,958335,561798,26354,0.01,0.2,0.32,na
III,636030,434547,17808,0.01,0.2,0.44,na
I,349586,295216,9788,0.01,0.2,0.48,na
III,166550,64078,3997,0.01,0.2,0.344,na
I,507228,64958,2891,0.01,0.2,1.56,na
I,301441,38991,1597,0.01,0.2,1.68,na
III,992367,147397,8931,0.01,0.2,0.533333333,na
I,662282,105536,5960,0.01,0.2,0.466666667,na
I,255597,148503,3373,0.01,0.2,1.026666667,na
III,194009,62664,2619,0.01,0.2,0.6,na
I,933465,167649,10081,0.01,0.2,0.4,na
I,829613,377550,9208,0.01,0.2,0.8,na
III,952278,685223,29044,0.01,0.2,0.36,na
I,350908,147495,7895,0.01,0.2,0.408,na
III,232902,135225,5822,0.01,0.2,0.32,na
I,719558,736647,17988,0.01,0.2,0.56,na
I,215894,191787,6152,0.01,0.2,0.312,na
I,785272,263806,14134,0.01,0.2,0.24,na
I,789120,700300,19728,0.01,0.2,0.544,na
I,986957,133897,4441,0.01,0.2,2.12,na
I,683792,146726,3555,0.01,0.2,2.72,na
I,638465,166978,2936,0.01,0.2,3.08,na
III,193160,22574,1004,0.01,0.2,2.44,na
I,776226,135921,2716,0.01,0.2,2.64,na
I,500247,60586,2000,0.01,0.2,2.32,na
I,625157,108707,6376,0.01,0.2,0.906666667,na
III,412331,172503,7793,0.01,0.2,0.52,na
III,840186,220196,14367,0.01,0.2,0.48,na
I,397537,206767,5486,0.01,0.2,1.053333333,na
I,925828,498379,8610,0.01,0.2,1.026666667,na
I,834520,313108,14520,0.01,0.2,0.546666667,na
I,506938,196118,8820,0.01,0.2,0.533333333,na
I,827516,697886,15888,0.01,0.2,0.76,na
I,419495,162386,5285,0.01,0.2,0.733333333,na
I,969154,741551,15021,0.01,0.2,0.616,na
III,535187,182066,12309,0.01,0.2,0.384,na
I,187953,147586,5544,0.01,0.2,0.48,na
I,505011,350481,14140,0.01,0.2,0.52,na
I,814350,834739,21173,0.01,0.2,0.544,na
I,283921,383489,7949,0.01,0.2,0.52,na
I,208612,272851,6049,0.01,0.2,0.488,na
I,774398,174128,4801,0.01,0.2,2.44,na
I,457928,79452,2976,0.01,0.2,1.48,na
I,141468,23889,976,0.01,0.2,1.44,na
III,599893,77008,3479,0.01,0.2,1.36,na
I,258563,23203,1085,0.01,0.2,2.36,na
I,618318,100339,2287,0.01,0.2,2.68,na
I,209226,114584,3012,0.01,0.2,1.053333333,na
III,290544,39986,2789,0.01,0.2,0.84,na
I,635291,70222,5717,0.01,0.2,0.52,na
III,120071,27219,1188,0.01,0.2,0.506666667,na
I,997180,503616,20043,0.01,0.2,0.48,na
I,277964,157681,2835,0.01,0.2,0.973333333,na
I,413394,191219,7234,0.01,0.2,0.568,na
I,786779,1108342,21243,0.01,0.2,0.544,na
III,264251,166328,7927,0.01,0.2,0.456,na
III,375158,218688,10129,0.01,0.2,0.288,na
I,239392,172742,8019,0.01,0.2,0.296,na
I,856888,487491,20136,0.01,0.2,0.624,na
I,731056,363375,14621,0.01,0.2,0.496,na
I,121719,9466,474,0.01,0.2,2.64,na
III,809709,109988,5344,0.01,0.2,1.48,na
I,715539,196257,4150,0.01,0.2,2.64,na
I,207697,28639,1183,0.01,0.2,1.76,na
I,952822,103014,3906,0.01,0.2,2.52,na
I,917530,145537,3578,0.01,0.2,2.64,na
III,929636,232280,17012,0.01,0.2,0.533333333,na
I,881661,756507,13489,0.01,0.2,1,na
I,399931,71111,6398,0.01,0.2,0.296,na
I,267794,227823,7632,0.01,0.2,0.552,na
I,838189,731393,28498,0.01,0.2,0.464,na
III,580017,288900,14210,0.01,0.2,0.496,na
I,186916,227432,4766,0.01,0.2,0.616,na
I,326542,43106,2187,0.01,0.2,2.44,na
I,917980,220656,5875,0.01,0.2,2.48,na
I,450489,81233,1486,0.01,0.2,3.16,na
I,634047,74124,3740,0.01,0.2,1.76,na
III,889975,51047,3737,0.01,0.2,2,na
III,279405,21727,1061,0.01,0.2,2.24,na
I,759086,520133,15485,0.01,0.2,0.8,na
I,774502,1034385,24784,0.01,0.2,0.496,na
III,183551,75063,3671,0.01,0.2,0.456,na
III,919661,454844,22531,0.01,0.2,0.304,na
III,264331,91646,6608,0.01,0.2,0.272,na
III,322218,111175,5477,0.01,0.2,0.632,na
I,593056,473187,15715,0.01,0.2,0.616,na
III,737854,30125,2361,0.01,0.2,3.12,na
III,121363,5910,449,0.01,0.2,1.76,na
I,920517,132914,4878,0.01,0.2,2.04,na
III,386108,33990,1776,0.01,0.2,2.04,na
I,496818,25463,1987,0.01,0.2,1.28,na
I,303619,122643,5738,0.01,0.2,0.586666667,na
III,580738,173954,9233,0.01,0.2,0.84,na
I,514806,252617,8030,0.01,0.2,0.693333333,na
I,941562,206348,9038,0.01,0.2,0.533333333,na
I,207376,92024,3421,0.01,0.2,0.653333333,na
III,226133,32818,2510,0.01,0.2,0.933333333,na
I,508155,86301,4878,0.01,0.2,0.546666667,na
I,279238,93274,4188,0.01,0.2,0.72,na
III,921134,602227,31318,0.01,0.2,0.424,na
I,327928,37527,5246,0.01,0.2,0.32,na
I,143953,62822,3598,0.01,0.2,0.432,na
I,515441,372228,17009,0.01,0.2,0.336,na
I,348947,300430,9247,0.01,0.2,0.408,na
I,708320,456409,20541,0.01,0.2,0.384,na
I,832701,111047,2997,0.01,0.2,3.12,na
III,249610,31787,1697,0.01,0.2,1.2,na
I,312798,32308,1720,0.01,0.2,3.12,na
III,705260,267161,14598,0.01,0.2,0.56,na
I,644843,162658,10253,0.01,0.2,0.706666667,na
I,665737,50290,6790,0.01,0.2,0.52,na
I,122544,46743,2095,0.01,0.2,1,na
I,110458,69635,2153,0.01,0.2,0.88,na
I,482552,402118,16165,0.01,0.2,0.512,na
III,845640,289150,23255,0.01,0.2,0.312,na
I,365416,303488,11327,0.01,0.2,0.568,na
III,309719,63817,4955,0.01,0.2,0.456,na
I,523471,313466,16489,0.01,0.2,0.544,na
I,158246,142991,4193,0.01,0.2,0.424,na
I,712682,851703,22093,0.01,0.2,0.552,na
I,506836,132225,2888,0.01,0.2,3.12,na
III,740356,79655,4442,0.01,0.2,2.68,na
I,602668,51963,1928,0.01,0.2,1.76,na
I,494572,50158,2819,0.01,0.2,2.04,na
III,193903,15998,1337,0.01,0.2,1.32,na
I,859358,370879,16757,0.01,0.2,0.613333333,na
I,349469,47618,3354,0.01,0.2,0.573333333,na
III,600583,98581,8288,0.01,0.2,0.746666667,na
I,880165,468665,16107,0.01,0.2,0.653333333,na
I,691286,192287,9124,0.01,0.2,0.426666667,na
III,895457,251960,20595,0.01,0.2,0.296,na
III,507344,236249,12683,0.01,0.2,0.24,na
I,656659,243791,15103,0.01,0.2,0.504,na
I,502395,197347,8038,0.01,0.2,0.344,na
III,366373,189649,10624,0.01,0.2,0.36,na
I,507077,144158,9634,0.01,0.2,0.296,na
I,675763,87616,3446,0.01,0.2,2.36,na
I,937352,165761,4218,0.01,0.2,2.68,na
I,469263,35823,2815,0.01,0.2,2,na
I,887457,731180,16506,0.01,0.2,1.013333333,na
I,602528,175409,6868,0.01,0.2,1.053333333,na
I,539128,146854,7278,0.01,0.2,0.893333333,na
I,345833,112488,4461,0.01,0.2,0.933333333,na
I,227839,119572,7632,0.01,0.2,0.36,na
I,126692,93060,4244,0.01,0.2,0.36,na
I,119961,64062,3778,0.01,0.2,0.392,na
III,845496,280281,24519,0.01,0.2,0.4,na
III,888931,512147,29334,0.01,0.2,0.4,na
III,851302,39075,3320,0.01,0.2,1.4,na
I,962432,156754,4042,0.01,0.2,2.96,na
I,335965,56209,2217,0.01,0.2,2.88,na
I,619947,68894,3719,0.01,0.2,2.08,na
I,900771,114019,4954,0.01,0.2,2.32,na
I,306930,142233,3867,0.01,0.2,1.013333333,na
I,377736,126100,5099,0.01,0.2,0.946666667,na
III,204460,45686,2698,0.01,0.2,0.64,na
I,946160,560735,19017,0.01,0.2,0.973333333,na
III,324777,50642,4579,0.01,0.2,0.813333333,na
I,322079,223775,8051,0.01,0.2,0.512,na
III,737765,233897,20288,0.01,0.2,0.32,na
I,607746,438962,15193,0.01,0.2,0.512,na
I,366092,350705,10982,0.01,0.2,0.416,na
I,370739,216957,12605,0.01,0.2,0.376,na
I,163375,29059,702,0.01,0.2,3,na
I,332431,29932,2194,0.01,0.2,2,na
I,479009,85770,2826,0.01,0.2,2.24,na
I,685221,62269,2740,0.01,0.2,1.52,na
I,863286,22360,3280,0.01,0.2,1.6,na
I,484090,82877,2129,0.01,0.2,3,na
I,910652,147002,5463,0.01,0.2,2.2,na
III,743492,159363,9367,0.01,0.2,0.586666667,na
I,837799,388303,11058,0.01,0.2,1,na
I,733991,84933,8807,0.01,0.2,0.52,na
I,199710,39526,3295,0.01,0.2,0.8,na
III,451859,147319,9217,0.01,0.2,0.613333333,na
I,373835,153239,5719,0.01,0.2,0.84,na
I,155298,140714,3338,0.01,0.2,0.616,na
I,199947,154715,4598,0.01,0.2,0.56,na
I,248020,165804,5332,0.01,0.2,0.6,na
III,314613,75999,6921,0.01,0.2,0.528,na
I,374403,462305,11980,0.01,0.2,0.616,na
III,249930,17459,1649,0.01,0.2,1.32,na
I,744448,67712,2307,0.01,0.2,2.08,na
I,223310,39130,1429,0.01,0.2,2.08,na
III,930177,32273,2790,0.01,0.2,1.56,na
I,577840,121349,7800,0.01,0.2,0.466666667,na
III,166830,21170,1951,0.01,0.2,0.76,na
I,678447,100134,7123,0.01,0.2,0.613333333,na
III,446662,76700,7369,0.01,0.2,0.666666667,na
I,799855,470012,13197,0.01,0.2,0.826666667,na
I,387961,138618,7099,0.01,0.2,0.746666667,na
I,581474,480442,11513,0.01,0.2,1.053333333,na
I,756609,221551,15434,0.01,0.2,0.653333333,na
III,387811,57231,5351,0.01,0.2,0.76,na
I,857598,827114,22297,0.01,0.2,0.512,na
III,987020,237079,21714,0.01,0.2,0.36,na
III,321697,158068,10294,0.01,0.2,0.48,na
I,175179,157709,3941,0.01,0.2,0.608,na
III,934995,441136,28984,0.01,0.2,0.568,na
I,241882,33480,1668,0.01,0.2,3.04,na
I,570099,95715,2793,0.01,0.2,2.88,na
I,554364,77361,2882,0.01,0.2,2.64,na
III,268954,14026,860,0.01,0.2,1.64,na
I,103612,3168,331,0.01,0.2,2.04,na
III,910224,225982,14745,0.01,0.2,0.813333333,na
I,429176,72684,4120,0.01,0.2,0.693333333,na
III,252332,47398,4693,0.01,0.2,0.6,na
I,999500,586522,20689,0.01,0.2,1.04,na
I,293022,106639,5801,0.01,0.2,0.693333333,na
III,585579,153227,10013,0.01,0.2,0.8,na
I,779393,346237,25719,0.01,0.2,0.416,na
III,100617,51875,3471,0.01,0.2,0.424,na
I,610769,71157,11299,0.01,0.2,0.352,na
III,406045,137241,8932,0.01,0.2,0.408,na
I,691265,352177,17627,0.01,0.2,0.552,na
I,120676,9792,518,0.01,0.2,1.6,na
I,187126,12591,748,0.01,0.2,1.72,na
I,919381,22940,3217,0.01,0.2,1.92,na
I,438840,35953,2940,0.01,0.2,2.12,na
I,523918,306633,7072,0.01,0.2,1.053333333,na
III,950079,286556,19096,0.01,0.2,0.573333333,na
I,685551,286554,9460,0.01,0.2,1.053333333,na
I,943711,145867,11890,0.01,0.2,0.533333333,na
I,150293,22193,1803,0.01,0.2,0.56,na
I,845598,235324,12176,0.01,0.2,0.986666667,na
I,608916,482243,13700,0.01,0.2,0.632,na
III,457300,193822,13261,0.01,0.2,0.432,na
III,259205,85227,8683,0.01,0.2,0.328,na
III,668178,106567,10356,0.01,0.2,0.424,na
III,573513,13711,2695,0.01,0.2,1.44,na
III,970678,287456,20093,0.01,0.2,0.533333333,na
I,207597,71388,3861,0.01,0.2,0.786666667,na
III,291714,22268,4375,0.01,0.2,0.44,na
I,133917,72538,4151,0.01,0.2,0.472,na
III,274287,46992,4525,0.01,0.2,0.336,na
I,630062,501287,18586,0.01,0.2,0.496,na
III,800694,14076,2722,0.01,0.2,1.4,na
III,321371,21921,1446,0.01,0.2,1.24,na
I,127926,7827,729,0.01,0.2,1.28,na
I,174127,9106,992,0.01,0.2,1.28,na
I,584508,25822,3448,0.01,0.2,1.24,na
I,917815,288735,18998,0.01,0.2,0.746666667,na
III,884954,202062,14070,0.01,0.2,0.48,na
I,969600,415298,15416,0.01,0.2,0.973333333,na
I,707501,155962,7428,0.01,0.2,0.68,na
III,737398,123926,8848,0.01,0.2,0.853333333,na
III,221301,52804,5421,0.01,0.2,0.264,na
I,966554,285879,23680,0.01,0.2,0.616,na
I,337106,60701,7921,0.01,0.2,0.304,na
I,618335,200513,19786,0.01,0.2,0.472,na
I,525888,93298,2682,0.01,0.2,3.12,na
I,783017,141572,9396,0.01,0.2,0.626666667,na
III,637918,139328,10142,0.01,0.2,0.573333333,na
III,204596,22513,2209,0.01,0.2,0.413333333,na
I,784994,442672,13894,0.01,0.2,0.88,na
I,152784,39609,2612,0.01,0.2,0.44,na
III,618724,73846,7610,0.01,0.2,0.506666667,na
I,116567,64467,3147,0.01,0.2,0.576,na
III,267509,41274,4280,0.01,0.2,0.416,na
III,967140,97383,19826,0.01,0.2,0.28,na
I,186512,58606,3823,0.01,0.2,0.36,na
III,722591,123688,13367,0.01,0.2,0.448,na
I,147230,70181,3386,0.01,0.2,0.32,na
III,381887,12712,1260,0.01,0.2,1.24,na
I,661816,114371,3904,0.01,0.2,2.72,na
I,863419,78479,4403,0.01,0.2,1.52,na
I,759871,62052,2583,0.01,0.2,2.28,na
III,739901,41197,3181,0.01,0.2,3.16,na
III,771122,46136,5243,0.01,0.2,2.16,na
I,283093,74646,2887,0.01,0.2,0.76,na
I,547785,88840,7395,0.01,0.2,0.573333333,na
I,761225,116557,12331,0.01,0.2,1.013333333,na
I,972422,398586,15753,0.01,0.2,1.013333333,na
I,310848,124007,6683,0.01,0.2,0.36,na
I,880750,290621,25982,0.01,0.2,0.544,na
I,696308,314466,17407,0.01,0.2,0.304,na
I,218975,20332,1379,0.01,0.2,2.68,na
I,182315,17447,1093,0.01,0.2,2.76,na
I,434138,8905,1389,0.01,0.2,2.44,na
I,597449,57180,6990,0.01,0.2,0.666666667,na
I,576597,247077,15568,0.01,0.2,0.296,na
I,368187,175156,11597,0.01,0.2,0.248,na
I,111539,16778,1728,0.01,0.2,0.504,na
I,543520,88237,8424,0.01,0.2,0.504,na
I,117456,5876,716,0.01,0.2,1.32,na
I,100545,8780,382,0.01,0.2,2.16,na
I,746531,50098,4777,0.01,0.2,1.28,na
III,895170,52105,5997,0.01,0.2,1.24,na
I,765030,57500,4437,0.01,0.2,3,na
I,713012,70831,2566,0.01,0.2,2.28,na
III,558356,18863,2233,0.01,0.2,2.28,na
III,502072,16488,1807,0.01,0.2,1.4,na
I,969903,177501,5431,0.01,0.2,3.04,na
I,641756,38807,2631,0.01,0.2,2,na
I,875193,442728,17591,0.01,0.2,0.866666667,na
III,412011,73459,5932,0.01,0.2,0.853333333,na
III,740597,157329,12219,0.01,0.2,0.586666667,na
III,834705,66246,15024,0.01,0.2,0.4,na
I,929096,347514,17559,0.01,0.2,0.92,na
I,183587,108995,5140,0.01,0.2,0.608,na
I,746265,305803,21268,0.01,0.2,0.288,na
I,478523,86275,8613,0.01,0.2,0.456,na
I,931433,45111,5495,0.01,0.2,2.96,na
III,180637,9743,1138,0.01,0.2,1.2,na
I,215953,19292,1209,0.01,0.2,3.12,na
I,925608,62942,3239,0.01,0.2,2.36,na
III,395298,13649,1699,0.01,0.2,2.88,na
III,345389,28424,2348,0.01,0.2,1.68,na
I,583585,55571,3268,0.01,0.2,3.12,na
I,606943,43641,3823,0.01,0.2,2.84,na
I,675993,39284,4461,0.01,0.2,1.28,na
I,606338,147890,8367,0.01,0.2,0.6,na
I,556989,113379,7352,0.01,0.2,0.626666667,na
I,985285,105005,18917,0.01,0.2,0.44,na
I,977413,146705,18179,0.01,0.2,0.453333333,na
I,316135,176833,5311,0.01,0.2,1.04,na
I,679843,119114,9381,0.01,0.2,0.6,na
I,648929,192931,17196,0.01,0.2,0.312,na
I,958096,110483,5652,0.01,0.2,3.12,na
I,951278,62924,3614,0.01,0.2,2.24,na
I,398118,64613,6807,0.01,0.2,0.506666667,na
III,272980,40398,5159,0.01,0.2,0.893333333,na
I,184942,55353,5455,0.01,0.2,0.624,na
I,685848,334552,21261,0.01,0.2,0.592,na
I,780888,352128,24597,0.01,0.2,0.584,na
I,981157,201743,18641,0.01,0.2,0.456,na
III,836363,210875,25927,0.01,0.2,0.32,na
III,818973,27434,3439,0.01,0.2,2.2,na
III,286189,15215,1259,0.01,0.2,1.64,na
I,822421,55038,5099,0.01,0.2,1.44,na
I,306320,7343,1102,0.01,0.2,2.48,na
III,388393,27353,2369,0.01,0.2,2.36,na
I,834729,73857,3005,0.01,0.2,2.48,na
III,460252,8067,1887,0.01,0.2,1.32,na
III,484091,14120,1839,0.01,0.2,3,na
III,427404,67738,5513,0.01,0.2,0.493333333,na
III,451055,79196,6630,0.01,0.2,0.64,na
I,529657,30594,6673,0.01,0.2,0.693333333,na
III,297242,24312,2764,0.01,0.2,0.453333333,na
I,476498,242008,8576,0.01,0.2,1.026666667,na
I,764584,51914,8257,0.01,0.2,0.826666667,na
I,331621,27955,5571,0.01,0.2,0.52,na
I,919495,160371,17010,0.01,0.2,0.472,na
III,864646,161604,20319,0.01,0.2,0.344,na
I,328979,15159,986,0.01,0.2,3,na
III,718080,49283,4452,0.01,0.2,2.96,na
I,282751,20023,1442,0.01,0.2,1.76,na
I,829448,65716,5308,0.01,0.2,1.4,na
I,481951,56464,3277,0.01,0.2,2.8,na
I,435128,7676,1435,0.01,0.2,2.72,na
I,214437,4761,729,0.01,0.2,2.64,na
I,161909,79083,2914,0.01,0.2,1.053333333,na
III,501319,23328,6015,0.01,0.2,0.68,na
III,327560,26290,6551,0.01,0.2,0.352,na
I,919489,235787,17470,0.01,0.2,0.472,na
I,126202,3941,530,0.01,0.2,2.24,na
I,426377,14509,2131,0.01,0.2,1.84,na
I,545629,16293,2509,0.01,0.2,2,na
III,890592,62113,5788,0.01,0.2,2.36,na
I,120980,6530,677,0.01,0.2,1.68,na
I,865818,72531,3376,0.01,0.2,2.36,na
I,714313,71081,2500,0.01,0.2,2.68,na
I,743012,211105,10922,0.01,0.2,0.64,na
III,145631,33125,2970,0.01,0.2,0.573333333,na
I,594058,101140,11584,0.01,0.2,1,na
III,820749,165959,15512,0.01,0.2,0.826666667,na
I,771570,185783,13888,0.01,0.2,0.512,na
I,559879,96232,10917,0.01,0.2,0.472,na
I,660424,82238,12878,0.01,0.2,0.472,na
III,745758,208972,18643,0.01,0.2,0.368,na
III,744721,165890,23458,0.01,0.2,0.584,na
I,684746,63011,3834,0.01,0.2,1.72,na
I,124710,5999,798,0.01,0.2,1.48,na
I,609366,77350,12248,0.01,0.2,0.48,na
I,751717,190580,7667,0.01,0.2,0.946666667,na
III,233522,30994,4343,0.01,0.2,0.786666667,na
I,255665,246696,8820,0.01,0.2,0.592,na
I,556035,51459,2112,0.01,0.2,2.6,na
III,750628,36757,3527,0.01,0.2,3.12,na
I,352520,30362,2397,0.01,0.2,3.08,na
III,482571,66524,9554,0.01,0.2,0.72,na
I,610839,256769,12644,0.01,0.2,1.013333333,na
III,590767,40817,5316,0.01,0.2,0.613333333,na
I,719828,185146,24834,0.01,0.2,0.608,na
III,862820,269019,26316,0.01,0.2,0.504,na
III,298338,12124,1760,0.01,0.2,2.12,na
III,690279,89204,13253,0.01,0.2,0.88,na
I,150609,9165,1581,0.01,0.2,0.946666667,na
I,210503,26336,4104,0.01,0.2,0.52,na
III,260611,50737,7427,0.01,0.2,0.472,na
I,510085,10654,2244,0.01,0.2,2.32,na
I,337500,8124,1485,0.01,0.2,2.32,na
I,693666,52441,3468,0.01,0.2,2.08,na
I,994435,285786,20584,0.01,0.2,0.493333333,na
III,595885,40355,11023,0.01,0.2,0.336,na
III,108743,22179,3425,0.01,0.2,0.504,na
III,935641,261650,27133,0.01,0.2,0.616,na
III,531101,148285,14605,0.01,0.2,0.36,na
I,392211,156744,10001,0.01,0.2,0.4,na
III,374612,76526,11238,0.01,0.2,0.36,na
I,851972,249655,14483,0.01,0.2,0.6,na
I,935481,23878,3461,0.01,0.2,2.88,na
I,243241,12613,1045,0.01,0.2,2.48,na
I,704396,45616,2394,0.01,0.2,3.08,na
I,423579,36666,1440,0.01,0.2,3.08,na
III,975959,41452,6538,0.01,0.2,3.16,na
III,732795,53653,8134,0.01,0.2,0.92,na
I,139334,5022,1421,0.01,0.2,1.026666667,na
I,418213,39565,4265,0.01,0.2,1.026666667,na
III,336914,62101,6232,0.01,0.2,0.6,na
I,793886,134812,26595,0.01,0.2,0.312,na
I,344550,135605,6718,0.01,0.2,0.536,na
I,272960,83277,5186,0.01,0.2,0.56,na
I,663853,285107,21575,0.01,0.2,0.328,na
I,578355,30441,2024,0.01,0.2,3.12,na
I,805873,35110,4996,0.01,0.2,1.76,na
I,937660,33415,3750,0.01,0.2,2.68,na
III,590419,16715,2656,0.01,0.2,2.96,na
I,191513,8970,900,0.01,0.2,2.32,na
I,560822,145969,7402,0.01,0.2,0.826666667,na
I,749805,163139,13946,0.01,0.2,0.586666667,na
I,728041,144649,12449,0.01,0.2,0.626666667,na
I,177331,47118,2234,0.01,0.2,0.866666667,na
I,512261,94022,6761,0.01,0.2,0.826666667,na
I,608543,86394,11318,0.01,0.2,0.586666667,na
III,742285,152602,24495,0.01,0.2,0.456,na
I,425629,26851,2766,0.01,0.2,1.72,na
I,609369,36096,2498,0.01,0.2,2.68,na
III,243256,9071,1483,0.01,0.2,2.36,na
III,604395,23181,7252,0.01,0.2,0.88,na
I,741624,132429,9566,0.01,0.2,0.866666667,na
I,757239,169660,9768,0.01,0.2,0.866666667,na
I,971582,186450,19820,0.01,0.2,0.546666667,na
I,858156,157296,21024,0.01,0.2,0.448,na
I,833623,293890,20423,0.01,0.2,0.456,na
I,626673,299364,13473,0.01,0.2,0.52,na
I,901240,60285,3334,0.01,0.2,3.04,na
I,944999,55878,3968,0.01,0.2,2.72,na
I,462451,21846,1757,0.01,0.2,2.96,na
I,780905,17054,2889,0.01,0.2,3.04,na
I,602008,47658,3130,0.01,0.2,2.16,na
I,123239,8019,801,0.01,0.2,1.76,na
I,268221,71551,4506,0.01,0.2,0.68,na
I,385725,71516,7328,0.01,0.2,0.592,na
III,414858,24377,7882,0.01,0.2,0.552,na
III,683451,138833,14694,0.01,0.2,0.416,na
III,762153,45205,13718,0.01,0.2,0.368,na
I,293228,18212,1084,0.01,0.2,3.16,na
I,626039,8530,2441,0.01,0.2,3,na
I,238349,13186,929,0.01,0.2,3,na
I,429283,35686,2618,0.01,0.2,1.92,na
III,132729,4301,464,0.01,0.2,2.88,na
III,905106,38662,3891,0.01,0.2,1.44,na
I,884443,224686,11939,0.01,0.2,0.866666667,na
III,381182,17486,5603,0.01,0.2,0.56,na
I,494347,73028,9046,0.01,0.2,0.64,na
III,810490,166678,27961,0.01,0.2,0.344,na
I,939873,361169,31955,0.01,0.2,0.344,na
I,284739,76134,5552,0.01,0.2,0.6,na
III,683365,142662,22892,0.01,0.2,0.248,na
I,916921,213625,19713,0.01,0.2,0.544,na
III,263332,31842,4871,0.01,0.2,0.336,na
I,224894,9005,1439,0.01,0.2,1.84,na
III,306891,49387,5708,0.01,0.2,0.866666667,na
I,614406,162887,12902,0.01,0.2,0.56,na
I,918685,187987,29857,0.01,0.2,0.368,na
I,217240,20380,1477,0.01,0.2,1.8,na
III,933647,31645,3454,0.01,0.2,2.2,na
I,566005,109551,7980,0.01,0.2,0.853333333,na
III,179505,9528,3051,0.01,0.2,0.416,na
I,203064,17357,1137,0.01,0.2,2.2,na
I,147884,3081,857,0.01,0.2,2.12,na
I,966936,112950,18565,0.01,0.2,0.64,na
I,139790,8162,1677,0.01,0.2,1.026666667,na
I,550612,36108,9415,0.01,0.2,0.72,na
I,701000,53256,13459,0.01,0.2,0.64,na
I,783812,169362,21946,0.01,0.2,0.44,na
III,592632,167796,19556,0.01,0.2,0.352,na
I,117007,46909,3451,0.01,0.2,0.424,na
III,191859,6974,1304,0.01,0.2,2.36,na
I,248452,32491,5068,0.01,0.2,0.626666667,na
I,955010,67631,11746,0.01,0.2,1.04,na
I,410020,95968,11480,0.01,0.2,0.456,na
III,184634,45494,5169,0.01,0.2,0.272,na
I,748234,321709,21698,0.01,0.2,0.44,na
I,219622,15145,1383,0.01,0.2,2.04,na
I,535630,11970,3588,0.01,0.2,1.92,na
I,281565,80445,8869,0.01,0.2,0.408,na
I,647482,144303,16510,0.01,0.2,0.504,na
I,407008,9911,2767,0.01,0.2,1.96,na
III,745014,16588,3129,0.01,0.2,2.84,na
I,195669,10595,1037,0.01,0.2,2.48,na
I,693216,28038,4644,0.01,0.2,1.96,na
I,245851,44977,3097,0.01,0.2,1.04,na
I,163573,25834,3091,0.01,0.2,0.693333333,na
III,698523,42466,7334,0.01,0.2,0.64,na
I,295214,65708,9151,0.01,0.2,0.424,na
III,296777,9894,1958,0.01,0.2,2.36,na
I,582168,30400,2677,0.01,0.2,2.96,na
I,687215,52330,3161,0.01,0.2,2.96,na
I,345562,32532,4976,0.01,0.2,0.946666667,na
III,213639,20228,3717,0.01,0.2,0.493333333,na
I,147842,21869,2217,0.01,0.2,0.906666667,na
III,742738,59716,7130,0.01,0.2,0.826666667,na
III,875590,134598,17074,0.01,0.2,0.56,na
III,934668,137041,27105,0.01,0.2,0.536,na
III,201639,20000,3226,0.01,0.2,0.288,na
I,412603,123422,12790,0.01,0.2,0.432,na
III,265880,2602,877,0.01,0.2,1.56,na
I,686616,18926,3364,0.01,0.2,2.84,na
I,516095,47662,2270,0.01,0.2,3.16,na
III,792228,27116,3485,0.01,0.2,2.64,na
III,962756,10207,3369,0.01,0.2,1.36,na
I,238331,10895,1477,0.01,0.2,2.24,na
I,413179,100636,6073,0.01,0.2,0.946666667,na
I,630215,153829,11532,0.01,0.2,0.746666667,na
III,696946,58176,21256,0.01,0.2,0.264,na
I,996188,409185,25402,0.01,0.2,0.536,na
I,377155,99362,11314,0.01,0.2,0.456,na
I,115094,2163,759,0.01,0.2,2.12,na
III,633503,20815,4244,0.01,0.2,2.16,na
I,414400,133975,10981,0.01,0.2,0.536,na
I,788039,191368,12766,0.01,0.2,0.88,na
I,740126,252986,19983,0.01,0.2,0.528,na
III,624619,41512,15927,0.01,0.2,0.344,na
I,830199,19166,5479,0.01,0.2,2.24,na
I,612565,107867,10291,0.01,0.2,0.866666667,na
III,208664,5709,2253,0.01,0.2,0.866666667,na
I,343303,61797,4943,0.01,0.2,1.026666667,na
I,835486,188630,21722,0.01,0.2,0.568,na
I,526766,109319,17119,0.01,0.2,0.448,na
III,163451,27993,5475,0.01,0.2,0.248,na
I,666560,63267,3799,0.01,0.2,2.6,na
III,808602,33243,4447,0.01,0.2,1.6,na
I,493040,196069,13065,0.01,0.2,0.56,na
III,652803,10177,2088,0.01,0.2,3.04,na
I,859942,45313,4643,0.01,0.2,2.8,na
I,734357,14888,4553,0.01,0.2,2.44,na
I,387865,110393,7563,0.01,0.2,0.786666667,na
I,717806,119866,11628,0.01,0.2,0.933333333,na
III,863570,39348,17357,0.01,0.2,0.76,na
III,657334,96180,20377,0.01,0.2,0.36,na
I,938660,248536,15487,0.01,0.2,0.933333333,na
I,782221,39895,11733,0.01,0.2,1.026666667,na
I,500385,87624,7505,0.01,0.2,1.026666667,na
I,430029,121957,7095,0.01,0.2,0.933333333,na
I,581863,254807,16001,0.01,0.2,0.56,na
III,611813,51585,9177,0.01,0.2,0.304,na
I,598771,231757,16466,0.01,0.2,0.56,na
I,216757,26924,5418,0.01,0.2,0.616,na
I,567529,41757,3234,0.01,0.2,2.8,na
III,503652,5602,2518,0.01,0.2,2.96,na
III,365403,41270,6029,0.01,0.2,0.68,na
III,669873,152585,22775,0.01,0.2,0.384,na
I,448071,141909,11425,0.01,0.2,0.616,na
III,732859,20650,4690,0.01,0.2,2,na
I,826389,228991,28510,0.01,0.2,0.464,na
I,112337,2599,763,0.01,0.2,2.4,na
III,944189,135015,30686,0.01,0.2,0.352,na
I,607932,184279,18237,0.01,0.2,0.544,na
III,610109,81542,19218,0.01,0.2,0.48,na
I,959461,464687,28783,0.01,0.2,0.552,na
I,586001,122206,11778,0.01,0.2,0.826666667,na
I,656976,161285,10643,0.01,0.2,1.026666667,na
I,851994,387552,28115,0.01,0.2,0.504,na
III,471022,11427,2684,0.01,0.2,2.2,na
III,132935,5371,890,0.01,0.2,3.08,na
I,577071,50068,3808,0.01,0.2,2.6,na
I,838541,82800,5366,0.01,0.2,2.68,na
III,618764,20818,10023,0.01,0.2,0.933333333,na
I,377394,50611,10378,0.01,0.2,0.624,na
I,404301,139286,12937,0.01,0.2,0.536,na
I,226050,107110,7233,0.01,0.2,0.536,na
I,270798,19953,1516,0.01,0.2,3.08,na
I,645196,18875,3613,0.01,0.2,3.08,na
III,372214,10309,2419,0.01,0.2,1.72,na
I,376372,52838,6661,0.01,0.2,0.986666667,na
III,165699,8534,4059,0.01,0.2,0.464,na
III,414540,17997,8083,0.01,0.2,0.413333333,na
III,605641,40717,10356,0.01,0.2,0.973333333,na
I,197670,61088,5930,0.01,0.2,0.584,na
III,790498,31197,5059,0.01,0.2,1.8,na
I,485729,147718,14086,0.01,0.2,0.624,na
I,698564,184675,20607,0.01,0.2,0.616,na
III,480395,79526,13691,0.01,0.2,0.512,na
I,534605,47400,3688,0.01,0.2,2.68,na
I,726594,60915,5013,0.01,0.2,2.68,na
I,619992,13414,4091,0.01,0.2,2.8,na
III,176259,3611,934,0.01,0.2,2.68,na
III,144525,9511,2471,0.01,0.2,0.8,na
III,628884,74529,16979,0.01,0.2,0.256,na
I,977493,289001,29324,0.01,0.2,0.624,na
I,467503,178610,15895,0.01,0.2,0.544,na
III,790407,96610,26083,0.01,0.2,0.632,na
I,304249,43006,9888,0.01,0.2,0.568,na
I,633197,282101,21528,0.01,0.2,0.544,na
III,808588,27879,4689,0.01,0.2,1.8,na
I,370186,101122,7662,0.01,0.2,0.92,na
I,577585,15383,3581,0.01,0.2,3.08,na
I,864152,17605,5357,0.01,0.2,3.08,na
III,324544,2903,1233,0.01,0.2,1.28,na
I,621880,117437,11940,0.01,0.2,1.013333333,na
III,450354,5225,2927,0.01,0.2,2.36,na
I,709142,230665,23047,0.01,0.2,0.608,na
I,676868,25403,4467,0.01,0.2,3.04,na
I,201092,4678,1327,0.01,0.2,3.08,na
III,551086,23863,12399,0.01,0.2,0.408,na
I,286064,22932,9440,0.01,0.2,0.608,na
I,165432,8913,3424,0.01,0.2,1.013333333,na
III,947381,156441,26052,0.01,0.2,0.256,na
III,552128,7021,1822,0.01,0.2,2.36,na
III,232649,1285,697,0.01,0.2,3.08,na
III,273121,7370,1338,0.01,0.2,1.72,na
III,783816,6892,4075,0.01,0.2,2.28,na
III,988988,7148,4351,0.01,0.2,2.96,na
III,457666,23965,13043,0.01,0.2,0.28,na
III,443046,12250,6778,0.01,0.2,0.533333333,na
III,436997,4809,2884,0.01,0.2,1.52,na
III,737905,38377,7748,0.01,0.2,0.946666667,na
III,850869,32470,18293,0.01,0.2,0.344,na
III,155074,5809,1860,0.01,0.2,1,na
III,683790,25160,16410,0.01,0.2,0.488,na
III,520807,11330,7655,0.01,0.2,0.8,na
III,869063,41731,12514,0.01,0.2,0.506666667,na
III,633880,33785,12360,0.01,0.2,0.76,na
III,364052,44448,11285,0.01,0.2,0.56,na
III,507373,56278,13699,0.01,0.2,0.512,na
III,474361,3855,2988,0.01,0.2,2.72,na
II,181185,19963,3261,0.01,0.2,0.256,na
III,567078,14229,3742,0.01,0.2,2.84,na
III,323459,9927,6501,0.01,0.2,0.4,na
III,215689,5921,4205,0.01,0.2,0.512,na
III,523224,8630,3296,0.01,0.2,2,na
III,534545,33785,8285,0.01,0.2,0.616,na
III,444807,46127,12899,0.01,0.2,0.56,na
III,527200,30687,7433,0.01,0.2,0.613333333,na
II,485053,31082,5384,0.01,0.2,0.426666667,na
III,953216,7885,5433,0.01,0.2,1.2,na
III,916993,39417,17056,0.01,0.2,0.68,na
III,257576,3696,901,0.01,0.2,1.96,na
II,270056,1744,837,0.01,0.2,1.36,na
III,746581,35574,11870,0.01,0.2,0.92,na
II,960590,43839,9221,0.01,0.2,0.573333333,na
III,609849,35367,12623,0.01,0.2,0.84,na
III,703646,64532,20757,0.01,0.2,0.4,na
III,405843,10515,5722,0.01,0.2,1.053333333,na
III,787617,70941,24809,0.01,0.2,0.376,na
III,334999,9934,11389,0.01,0.2,0.448,na
III,417478,16658,9184,0.01,0.2,0.576,na
III,945317,14895,19000,0.01,0.2,0.946666667,na
II,708790,9359,4040,0.01,0.2,1.24,na
II,989892,54543,26232,0.01,0.2,0.296,na
III,260894,5349,3208,0.01,0.2,0.946666667,na
III,305777,3712,5412,0.01,0.2,0.933333333,na
III,130050,1126,871,0.01,0.2,1.84,na
III,425556,21582,14468,0.01,0.2,0.616,na
II,217588,16925,7071,0.01,0.2,0.272,na
III,122119,3691,3785,0.01,0.2,0.464,na
II,565281,14410,15262,0.01,0.2,0.488,na
III,342204,3198,6980,0.01,0.2,0.666666667,na
III,144507,1717,4913,0.01,0.2,0.584,na
II,648228,5858,5834,0.01,0.2,0.613333333,na
II,355028,3094,7278,0.01,0.2,0.48,na
II,741275,3067,3780,0.01,0.2,1.76,na
II,763628,1397,4199,0.01,0.2,1.6,na
II,950219,5730,3705,0.01,0.2,0.207272727,na
II,283867,2747,1390,0.01,0.2,0.112727273,na
II,686299,3658,2607,0.01,0.2,0.236363636,na
II,309727,1703,2075,0.01,0.2,0.134545455,na
II,740694,4766,2296,0.01,0.2,0.130909091,na
II,851390,4195,5278,0.01,0.2,0.225454545,na
II,433887,11381,5336,0.01,0.2,0.042424242,na
II,968780,20110,11625,0.01,0.2,0.059393939,na
II,177452,1941,2661,0.01,0.2,0.076363636,na
II,270233,4172,4620,0.01,0.2,0.071515152,na
II,277380,2603,2746,0.01,0.2,0.088484848,na
II,380696,10726,6966,0.01,0.2,0.038787879,na
II,939463,26723,18883,0.01,0.2,0.043636364,na
II,680430,7098,11022,0.01,0.2,0.07030303,na
II,610165,8611,15864,0.01,0.2,0.052363636,na
II,782649,12350,12522,0.01,0.2,0.052363636,na
II,507822,23026,13203,0.01,0.2,0.027636364,na
II,832284,34158,23720,0.01,0.2,0.026909091,na
II,365701,11496,12250,0.01,0.2,0.026181818,na
II,350650,11245,11571,0.01,0.2,0.034181818,na
II,738561,9463,23633,0.01,0.2,0.056727273,na
II,108113,2258,3297,0.01,0.2,0.04,na
II,928838,6085,6037,0.01,0.2,0.174545455,na
II,956176,5690,3346,0.01,0.2,0.189090909,na
II,957711,4591,6608,0.01,0.2,0.210909091,na
II,911797,8478,2826,0.01,0.2,0.109090909,na
II,217556,1354,1218,0.01,0.2,0.109090909,na
II,467633,2700,2665,0.01,0.2,0.130909091,na
II,587257,14487,8985,0.01,0.2,0.046060606,na
II,769276,12382,14077,0.01,0.2,0.071515152,na
II,253122,3263,2278,0.01,0.2,0.087272727,na
II,723246,9623,8678,0.01,0.2,0.076363636,na
II,613101,12207,6069,0.01,0.2,0.056969697,na
II,240315,3517,2811,0.01,0.2,0.077575758,na
II,364321,6528,3934,0.01,0.2,0.063030303,na
II,637608,21025,11158,0.01,0.2,0.023272727,na
II,500184,11970,15005,0.01,0.2,0.032,na
II,654567,12814,19637,0.01,0.2,0.051636364,na
II,166506,4824,4329,0.01,0.2,0.026181818,na
II,913365,21575,26487,0.01,0.2,0.042909091,na
II,392800,6357,9427,0.01,0.2,0.046545455,na
II,749032,21856,25092,0.01,0.2,0.034909091,na
II,494899,2788,2622,0.01,0.2,0.123636364,na
II,904011,3150,4339,0.01,0.2,0.272727273,na
II,189354,929,1136,0.01,0.2,0.214545455,na
II,702188,3416,4774,0.01,0.2,0.130909091,na
II,291246,1580,2009,0.01,0.2,0.192727273,na
II,810734,9771,13863,0.01,0.2,0.052121212,na
II,376970,1320,7237,0.01,0.2,0.090909091,na
II,628767,15294,12638,0.01,0.2,0.038787879,na
IV,355669,2689,3414,0.01,0.2,0.042424242,na
II,761391,23987,24745,0.01,0.2,0.033454545,na
II,927131,17915,18542,0.01,0.2,0.049454545,na
II,467669,7401,8184,0.01,0.2,0.04,na
II,669260,14227,20412,0.01,0.2,0.032727273,na
II,452030,2502,2214,0.01,0.2,0.16,na
II,339492,2369,1629,0.01,0.2,0.127272727,na
II,795894,882,3024,0.01,0.2,0.265454545,na
II,206282,1778,721,0.01,0.2,0.112727273,na
II,461465,5235,7614,0.01,0.2,0.084848485,na
II,338321,4310,4871,0.01,0.2,0.076363636,na
II,936596,10631,16296,0.01,0.2,0.077575758,na
II,873431,12960,9695,0.01,0.2,0.065454545,na
II,539525,3396,9549,0.01,0.2,0.047272727,na
II,369998,3420,11284,0.01,0.2,0.032,na
II,218659,825,918,0.01,0.2,0.16,na
II,321990,650,965,0.01,0.2,0.276363636,na
II,193259,1205,2782,0.01,0.2,0.048484848,na
II,570106,6942,8893,0.01,0.2,0.04969697,na
II,447410,2588,7248,0.01,0.2,0.052121212,na
II,493446,7261,7253,0.01,0.2,0.041212121,na
II,430161,4771,6968,0.01,0.2,0.081212121,na
II,208631,3153,4068,0.01,0.2,0.04,na
II,910796,10951,15301,0.01,0.2,0.046060606,na
II,964257,7907,26999,0.01,0.2,0.037090909,na
II,942279,13555,26383,0.01,0.2,0.042181818,na
II,928551,10487,14392,0.01,0.2,0.024727273,na
II,321388,8852,4820,0.01,0.2,0.021818182,na
II,211586,2639,6241,0.01,0.2,0.048727273,na
II,855284,1568,4618,0.01,0.2,0.141818182,na
II,138565,278,512,0.01,0.2,0.130909091,na
II,538682,1659,3609,0.01,0.2,0.170909091,na
II,178734,682,983,0.01,0.2,0.138181818,na
II,321658,359,2219,0.01,0.2,0.236363636,na
II,322130,343,1256,0.01,0.2,0.247272727,na
II,167424,208,803,0.01,0.2,0.210909091,na
II,783943,10107,9877,0.01,0.2,0.065454545,na
II,641882,9046,12709,0.01,0.2,0.04,na
II,217850,2675,2940,0.01,0.2,0.046060606,na
II,903378,13428,16712,0.01,0.2,0.037818182,na
II,856231,13733,18837,0.01,0.2,0.032727273,na
II,230174,3704,7480,0.01,0.2,0.048727273,na
II,100637,1915,3371,0.01,0.2,0.027636364,na
II,588340,1029,2588,0.01,0.2,0.141818182,na
II,421822,1933,1265,0.01,0.2,0.116363636,na
II,330876,1046,992,0.01,0.2,0.167272727,na
II,933496,1878,4294,0.01,0.2,0.123636364,na
II,588661,9746,5297,0.01,0.2,0.048484848,na
II,174457,1006,4972,0.01,0.2,0.045818182,na
II,545719,10354,8731,0.01,0.2,0.039272727,na
II,104717,1092,3298,0.01,0.2,0.025454545,na
II,626650,3301,21306,0.01,0.2,0.047272727,na
II,572400,11685,12306,0.01,0.2,0.039272727,na
II,655669,716,4327,0.01,0.2,0.214545455,na
II,729016,3200,4592,0.01,0.2,0.170909091,na
II,398465,882,1992,0.01,0.2,0.225454545,na
II,985298,2001,4138,0.01,0.2,0.123636364,na
II,889562,1063,5871,0.01,0.2,0.210909091,na
II,409322,2086,4911,0.01,0.2,0.092121212,na
II,905752,9289,18749,0.01,0.2,0.046060606,na
II,419939,3556,14067,0.01,0.2,0.027636364,na
II,891889,4665,24972,0.01,0.2,0.048,na
II,191665,2829,3258,0.01,0.2,0.034181818,na
II,403198,3165,7459,0.01,0.2,0.029818182,na
II,731086,10543,23029,0.01,0.2,0.052363636,na
II,718237,785,2801,0.01,0.2,0.203636364,na
II,350348,376,2347,0.01,0.2,0.221818182,na
II,386086,3777,4748,0.01,0.2,0.048484848,na
II,333742,5623,4906,0.01,0.2,0.042424242,na
II,443486,2128,8914,0.01,0.2,0.04969697,na
II,676841,3575,6497,0.01,0.2,0.08969697,na
II,394751,3410,8052,0.01,0.2,0.077575758,na
II,603528,15495,17200,0.01,0.2,0.026181818,na
II,273129,1911,5326,0.01,0.2,0.032,na
II,483779,11437,12578,0.01,0.2,0.028363636,na
II,157013,734,4239,0.01,0.2,0.048,na
II,549578,2282,10716,0.01,0.2,0.057454545,na
II,225951,3638,6552,0.01,0.2,0.041454545,na
II,123343,239,567,0.01,0.2,0.109090909,na
II,558715,1017,3408,0.01,0.2,0.232727273,na
II,230583,292,899,0.01,0.2,0.178181818,na
II,501061,755,2505,0.01,0.2,0.283636364,na
II,525734,445,3574,0.01,0.2,0.265454545,na
II,886143,6741,9570,0.01,0.2,0.059393939,na
II,457517,6250,15098,0.01,0.2,0.046545455,na
II,621475,4499,16469,0.01,0.2,0.031272727,na
II,668838,6309,17724,0.01,0.2,0.024,na
II,980389,28375,24999,0.01,0.2,0.023272727,na
II,873638,3563,8386,0.01,0.2,0.04969697,na
II,112516,1846,3825,0.01,0.2,0.039272727,na
II,670806,2670,10732,0.01,0.2,0.050909091,na
II,467776,3899,11460,0.01,0.2,0.048727273,na
II,387016,5575,11223,0.01,0.2,0.029818182,na
II,899825,18415,27444,0.01,0.2,0.031272727,na
II,131314,434,630,0.01,0.2,0.185454545,na
II,884128,9866,9018,0.01,0.2,0.052121212,na
II,769504,10968,21930,0.01,0.2,0.042909091,na
II,341936,3035,5300,0.01,0.2,0.021818182,na
II,379395,2899,10243,0.01,0.2,0.025454545,na
II,768134,7847,18819,0.01,0.2,0.04,na
II,680614,947,4151,0.01,0.2,0.28,na
II,407905,427,1468,0.01,0.2,0.185454545,na
II,583589,2684,3968,0.01,0.2,0.127272727,na
II,545489,2028,4909,0.01,0.2,0.04969697,na
II,745259,5948,18258,0.01,0.2,0.048727273,na
II,494087,522,2668,0.01,0.2,0.167272727,na
II,375643,1150,4169,0.01,0.2,0.060606061,na
II,226718,581,2448,0.01,0.2,0.072727273,na
II,855862,8715,14891,0.01,0.2,0.036363636,na
II,390779,3979,7815,0.01,0.2,0.054545455,na
II,773815,12632,18184,0.01,0.2,0.034181818,na
II,744801,549,4096,0.01,0.2,0.24,na
II,223675,484,1028,0.01,0.2,0.236363636,na
II,332451,2694,5086,0.01,0.2,0.063030303,na
II,288644,649,2944,0.01,0.2,0.078787879,na
II,607514,8090,6014,0.01,0.2,0.04,na
II,776584,1892,10483,0.01,0.2,0.072727273,na
II,696014,9033,10231,0.01,0.2,0.041212121,na
II,371673,1908,4125,0.01,0.2,0.069090909,na
II,667733,9331,19698,0.01,0.2,0.025454545,na
II,614362,4584,8846,0.01,0.2,0.043636364,na
II,345586,1033,4354,0.01,0.2,0.054545455,na
II,220853,3236,6625,0.01,0.2,0.023272727,na
II,747018,3120,21290,0.01,0.2,0.040727273,na
II,707830,1438,4459,0.01,0.2,0.24,na
II,243839,295,780,0.01,0.2,0.258181818,na
II,553112,1482,8462,0.01,0.2,0.060606061,na
II,205795,3026,4013,0.01,0.2,0.032,na
II,621352,8107,19572,0.01,0.2,0.024,na
II,644194,1840,17393,0.01,0.2,0.054545455,na
II,828926,12839,18650,0.01,0.2,0.029090909,na
II,990655,4169,33186,0.01,0.2,0.037090909,na
II,891738,5761,23631,0.01,0.2,0.023272727,na
II,486316,1289,10212,0.01,0.2,0.056727273,na
II,295770,1035,887,0.01,0.2,0.123636364,na
II,687767,1265,3163,0.01,0.2,0.236363636,na
II,414847,1679,4355,0.01,0.2,0.073939394,na
II,751146,4982,18403,0.01,0.2,0.043636364,na
II,252205,438,1311,0.01,0.2,0.16,na
II,641454,637,3977,0.01,0.2,0.28,na
II,374611,886,5394,0.01,0.2,0.060606061,na
II,956574,950,4495,0.01,0.2,0.134545455,na
II,800665,1635,4723,0.01,0.2,0.130909091,na
II,145662,219,684,0.01,0.2,0.178181818,na
II,382913,7041,7658,0.01,0.2,0.021818182,na
II,539855,5252,12686,0.01,0.2,0.028363636,na
II,907550,713,5536,0.01,0.2,0.163636364,na
II,193926,268,581,0.01,0.2,0.287272727,na
II,704626,1560,4509,0.01,0.2,0.116363636,na
II,835300,6283,22135,0.01,0.2,0.034181818,na
II,457572,724,5490,0.01,0.2,0.075151515,na
II,615267,2166,9782,0.01,0.2,0.067878788,na
II,444538,2407,6668,0.01,0.2,0.042424242,na
II,932898,620,5970,0.01,0.2,0.16,na
II,154691,284,850,0.01,0.2,0.178181818,na
II,188960,1788,6141,0.01,0.2,0.022545455,na
II,905004,1134,12489,0.01,0.2,0.083636364,na
II,546232,386,3550,0.01,0.2,0.28,na
II,460612,2985,8291,0.01,0.2,0.030545455,na
II,424013,508,7886,0.01,0.2,0.076363636,na
II,165080,496,3136,0.01,0.2,0.030545455,na
II,252436,994,5427,0.01,0.2,0.023272727,na
II,243468,2087,7182,0.01,0.2,0.032727273,na
II,922364,1727,4335,0.01,0.2,0.141818182,na
II,520482,2009,13532,0.01,0.2,0.045818182,na
II,510233,221,3520,0.01,0.2,0.196363636,na
II,570403,185,3821,0.01,0.2,0.243636364,na
II,239891,228,1655,0.01,0.2,0.214545455,na
II,906934,862,3083,0.01,0.2,0.218181818,na
II,227862,553,2187,0.01,0.2,0.056969697,na
II,692194,998,14536,0.01,0.2,0.048,na
II,550730,1052,12116,0.01,0.2,0.035636364,na
II,460766,1117,15435,0.01,0.2,0.046545455,na
II,438809,516,11409,0.01,0.2,0.045090909,na
II,212780,700,4042,0.01,0.2,0.046545455,na
II,287016,335,7175,0.01,0.2,0.041454545,na
II,762386,744,4193,0.01,0.2,0.145454545,na
II,674088,659,9909,0.01,0.2,0.044848485,na
II,757754,373,2879,0.01,0.2,0.134545455,na
II,323246,236,5980,0.01,0.2,0.043636364,na
II,157439,255,2597,0.01,0.2,0.054545455,na
II,138445,314,4222,0.01,0.2,0.026181818,na
II,280806,1150,1656,0.01,0.2,0.078095238,na
II,245191,565,1348,0.01,0.2,0.137142857,na
II,631998,2060,3412,0.01,0.2,0.064761905,na
II,959336,3731,3165,0.01,0.2,0.072380952,na
II,263700,562,1582,0.01,0.2,0.087619048,na
II,137559,362,729,0.01,0.2,0.121904762,na
II,967967,2132,5033,0.01,0.2,0.142857143,na
II,443374,609,2926,0.01,0.2,0.135238095,na
II,800915,2751,4324,0.01,0.2,0.081904762,na
II,562618,1707,3544,0.01,0.2,0.104761905,na
II,942858,2924,5374,0.01,0.2,0.068571429,na
II,404770,4365,4614,0.01,0.2,0.01968254,na
II,425311,3552,5358,0.01,0.2,0.038095238,na
II,426269,3255,4220,0.01,0.2,0.041269841,na
II,429703,5669,8121,0.01,0.2,0.024126984,na
II,692706,4940,7065,0.01,0.2,0.026031746,na
II,612148,4573,7896,0.01,0.2,0.041904762,na
II,232729,3016,6167,0.01,0.2,0.024380952,na
II,783164,15027,25844,0.01,0.2,0.016761905,na
II,440604,5974,13879,0.01,0.2,0.013714286,na
II,739961,4725,22938,0.01,0.2,0.028952381,na
II,827838,1616,3228,0.01,0.2,0.12952381,na
II,505356,1446,1869,0.01,0.2,0.059047619,na
II,871993,1407,6016,0.01,0.2,0.118095238,na
II,176036,744,721,0.01,0.2,0.066666667,na
II,792923,2149,3250,0.01,0.2,0.07047619,na
II,611860,1474,3793,0.01,0.2,0.118095238,na
II,527812,1490,3114,0.01,0.2,0.066666667,na
II,729603,1195,2991,0.01,0.2,0.116190476,na
II,391750,1135,2546,0.01,0.2,0.059047619,na
II,629090,8769,6794,0.01,0.2,0.02031746,na
II,505345,3497,5306,0.01,0.2,0.036825397,na
II,840268,6603,16637,0.01,0.2,0.024126984,na
II,233691,2100,4627,0.01,0.2,0.028571429,na
II,579087,7263,11465,0.01,0.2,0.02031746,na
II,508452,3249,9152,0.01,0.2,0.02984127,na
II,139928,1140,1469,0.01,0.2,0.023492063,na
II,275545,1158,5207,0.01,0.2,0.04,na
II,997395,5583,14362,0.01,0.2,0.03047619,na
II,277339,5248,4576,0.01,0.2,0.013333333,na
II,742140,6345,16327,0.01,0.2,0.019809524,na
II,602872,7780,10851,0.01,0.2,0.022095238,na
II,176282,1827,4495,0.01,0.2,0.018285714,na
II,476461,1023,2477,0.01,0.2,0.108571429,na
II,869080,2275,5127,0.01,0.2,0.064761905,na
II,919084,872,4963,0.01,0.2,0.081904762,na
II,126668,441,557,0.01,0.2,0.074285714,na
II,281772,960,1155,0.01,0.2,0.068571429,na
II,682447,2118,2934,0.01,0.2,0.081904762,na
II,196702,711,806,0.01,0.2,0.064761905,na
II,446700,1329,2367,0.01,0.2,0.057142857,na
II,765023,746,3595,0.01,0.2,0.08,na
II,358001,1228,5692,0.01,0.2,0.045079365,na
II,281031,3340,4805,0.01,0.2,0.021587302,na
II,106911,957,1122,0.01,0.2,0.028571429,na
II,944158,11088,14162,0.01,0.2,0.01968254,na
II,377434,3250,7812,0.01,0.2,0.02984127,na
II,472213,1785,7224,0.01,0.2,0.045079365,na
II,331448,4235,7457,0.01,0.2,0.020190476,na
II,686574,15025,12358,0.01,0.2,0.011809524,na
II,881802,16596,16754,0.01,0.2,0.013714286,na
II,827402,14301,12824,0.01,0.2,0.014857143,na
II,562523,347,2531,0.01,0.2,0.114285714,na
II,599115,984,2875,0.01,0.2,0.142857143,na
II,518236,1096,2383,0.01,0.2,0.066666667,na
II,971013,2039,3786,0.01,0.2,0.100952381,na
II,462126,890,3003,0.01,0.2,0.12,na
II,155471,530,1399,0.01,0.2,0.045714286,na
II,330662,851,3769,0.01,0.2,0.027301587,na
II,955347,2603,13183,0.01,0.2,0.026031746,na
II,980531,6554,8824,0.01,0.2,0.034920635,na
II,680478,3572,20074,0.01,0.2,0.029714286,na
II,598420,2630,20047,0.01,0.2,0.016,na
II,877264,9173,15352,0.01,0.2,0.02247619,na
II,887015,1732,5410,0.01,0.2,0.066666667,na
II,939513,2142,3382,0.01,0.2,0.085714286,na
II,766445,384,3602,0.01,0.2,0.12952381,na
II,576526,832,1729,0.01,0.2,0.08952381,na
II,954191,1554,2957,0.01,0.2,0.08,na
II,910018,1938,3185,0.01,0.2,0.099047619,na
II,579740,1581,11304,0.01,0.2,0.026031746,na
II,621794,3889,11005,0.01,0.2,0.033650794,na
II,993294,3170,12217,0.01,0.2,0.022222222,na
II,601419,3528,10464,0.01,0.2,0.024126984,na
II,880568,2864,14001,0.01,0.2,0.021587302,na
II,810866,1276,14595,0.01,0.2,0.041269841,na
II,543158,2999,16566,0.01,0.2,0.011809524,na
II,602028,2847,12341,0.01,0.2,0.013714286,na
II,730443,5920,24469,0.01,0.2,0.024,na
II,264990,1000,4239,0.01,0.2,0.017142857,na
II,578593,9827,15622,0.01,0.2,0.012571429,na
II,528351,3982,15850,0.01,0.2,0.017142857,na
II,468848,5519,12190,0.01,0.2,0.017904762,na
II,232527,597,3952,0.01,0.2,0.025142857,na
II,913438,2266,20552,0.01,0.2,0.026285714,na
II,921022,6455,22104,0.01,0.2,0.020190476,na
II,150790,1069,3468,0.01,0.2,0.019809524,na
II,234568,409,938,0.01,0.2,0.068571429,na
II,648843,1383,2206,0.01,0.2,0.091428571,na
II,970173,896,3201,0.01,0.2,0.064761905,na
II,329311,606,2041,0.01,0.2,0.104761905,na
II,580270,1602,1914,0.01,0.2,0.07047619,na
II,302861,1744,3543,0.01,0.2,0.033650794,na
II,109980,477,2078,0.01,0.2,0.02984127,na
II,427850,1740,5904,0.01,0.2,0.029206349,na
II,379740,2689,10632,0.01,0.2,0.027428571,na
II,919314,9290,16087,0.01,0.2,0.011809524,na
II,684724,5204,19856,0.01,0.2,0.02552381,na
II,542159,2972,11385,0.01,0.2,0.023619048,na
II,119854,1262,3475,0.01,0.2,0.011428571,na
II,804762,11376,21728,0.01,0.2,0.013714286,na
II,869333,816,4955,0.01,0.2,0.059047619,na
II,385902,805,2585,0.01,0.2,0.057142857,na
II,823763,594,5354,0.01,0.2,0.081904762,na
II,347532,523,2085,0.01,0.2,0.11047619,na
II,310649,640,1304,0.01,0.2,0.08,na
II,648695,3673,10314,0.01,0.2,0.020952381,na
II,866218,2081,15072,0.01,0.2,0.024761905,na
II,482026,765,4482,0.01,0.2,0.037460317,na
II,183670,1177,2938,0.01,0.2,0.025904762,na
II,776925,6485,15150,0.01,0.2,0.014095238,na
II,809125,765,3964,0.01,0.2,0.057142857,na
II,113334,73,691,0.01,0.2,0.078095238,na
II,376706,150,2034,0.01,0.2,0.127619048,na
II,222698,193,1024,0.01,0.2,0.059047619,na
II,304437,824,3379,0.01,0.2,0.04,na
II,768799,3327,14991,0.01,0.2,0.037460317,na
II,514497,1701,5556,0.01,0.2,0.033015873,na
II,267812,1180,2651,0.01,0.2,0.024761905,na
II,679057,3029,14939,0.01,0.2,0.022857143,na
II,107757,624,3555,0.01,0.2,0.018666667,na
II,798490,9807,27148,0.01,0.2,0.013333333,na
II,189765,479,6072,0.01,0.2,0.020190476,na
II,621225,779,2236,0.01,0.2,0.112380952,na
II,376965,929,7350,0.01,0.2,0.02031746,na
II,461419,2128,6644,0.01,0.2,0.03047619,na
II,486248,502,10065,0.01,0.2,0.048253968,na
II,525843,5449,8939,0.01,0.2,0.01447619,na
II,189525,133,796,0.01,0.2,0.123809524,na
II,548904,347,3293,0.01,0.2,0.137142857,na
II,922513,949,4704,0.01,0.2,0.08952381,na
II,383518,748,5522,0.01,0.2,0.022222222,na
II,115435,255,1523,0.01,0.2,0.01968254,na
II,761160,4155,19029,0.01,0.2,0.024,na
II,769691,2937,17318,0.01,0.2,0.011428571,na
II,166250,1582,4322,0.01,0.2,0.01447619,na
II,372100,111,1227,0.01,0.2,0.135238095,na
II,470279,282,1504,0.01,0.2,0.133333333,na
II,449788,273,2743,0.01,0.2,0.139047619,na
II,535287,3151,9956,0.01,0.2,0.021587302,na
II,255630,810,4601,0.01,0.2,0.025396825,na
II,576052,1592,12961,0.01,0.2,0.028952381,na
II,470937,2028,13892,0.01,0.2,0.018666667,na
II,532115,689,1862,0.01,0.2,0.057142857,na
II,934139,940,4390,0.01,0.2,0.078095238,na
II,410038,1399,3936,0.01,0.2,0.034285714,na
II,220005,657,2046,0.01,0.2,0.036190476,na
II,714336,1656,18572,0.01,0.2,0.015619048,na
II,840339,1173,5294,0.01,0.2,0.068571429,na
II,318070,775,6011,0.01,0.2,0.026031746,na
II,992290,1061,4564,0.01,0.2,0.08,na
II,865788,2124,11168,0.01,0.2,0.034920635,na
II,737330,844,11281,0.01,0.2,0.024761905,na
II,335608,595,3322,0.01,0.2,0.046349206,na
II,567323,543,3233,0.01,0.2,0.076190476,na
II,265516,238,3026,0.01,0.2,0.05015873,na
II,949831,561,18521,0.01,0.2,0.038095238,na
II,384211,1508,9797,0.01,0.2,0.017142857,na
II,198460,82,595,0.01,0.2,0.097142857,na
II,651001,352,4166,0.01,0.2,0.068571429,na
II,897585,1294,9155,0.01,0.2,0.038730159,na
II,296075,46,1628,0.01,0.2,0.11047619,na
II,494135,176,9042,0.01,0.2,0.048253968,na
II,292885,1240,5271,0.01,0.2,0.012190476,na
II,829069,3625,18239,0.01,0.2,0.012190476,na
II,614838,971,8669,0.01,0.2,0.031111111,na
II,179073,18,1020,0.01,0.2,0.140952381,na
II,132786,124,2310,0.01,0.2,0.043809524,na
II,710888,477,8957,0.01,0.2,0.037460317,na
II,680683,621,8780,0.01,0.2,0.042539683,na
II,219035,233,4928,0.01,0.2,0.011809524,na
II,152349,14,563,0.01,0.2,0.123809524,na
II,699920,184,3779,0.01,0.2,0.081904762,na
II,140029,22,924,0.01,0.2,0.137142857,na
II,382652,169,11862,0.01,0.2,0.024380952,na
II,238068,82,738,0.01,0.2,0.08,na
II,747123,277,19798,0.01,0.2,0.022857143,na
II,622516,163,5789,0.01,0.2,0.02984127,na
II,543810,51,1631,0.01,0.2,0.07047619,na
II,874738,1589,4898,0.01,0.2,0.069677419,na
II,627197,1215,3135,0.01,0.2,0.065806452,na
II,307170,2553,2856,0.01,0.2,0.015483871,na
II,247299,756,4080,0.01,0.2,0.027526882,na
II,758487,6226,14790,0.01,0.2,0.013763441,na
II,587406,4967,9692,0.01,0.2,0.015053763,na
II,568356,1649,10571,0.01,0.2,0.029247312,na
II,310852,1027,5502,0.01,0.2,0.025806452,na
II,608774,2403,11871,0.01,0.2,0.021505376,na
II,522814,1741,9724,0.01,0.2,0.025806452,na
II,597599,1794,6454,0.01,0.2,0.028387097,na
II,887439,5933,17305,0.01,0.2,0.011096774,na
II,732129,6493,20865,0.01,0.2,0.009548387,na
II,836628,4859,27608,0.01,0.2,0.014451613,na
II,746282,6890,18283,0.01,0.2,0.012129032,na
II,629815,3784,11651,0.01,0.2,0.012387097,na
II,834247,4820,16684,0.01,0.2,0.014709677,na
II,219857,857,3297,0.01,0.2,0.019354839,na
II,795293,5998,21472,0.01,0.2,0.016774194,na
II,148511,1190,4678,0.01,0.2,0.016,na
II,305638,2606,6724,0.01,0.2,0.01316129,na
II,297298,449,2021,0.01,0.2,0.065806452,na
II,328010,1570,6199,0.01,0.2,0.013763441,na
II,164465,839,3009,0.01,0.2,0.014623656,na
II,303704,776,4373,0.01,0.2,0.025806452,na
II,551843,3880,7615,0.01,0.2,0.015913978,na
II,170516,1168,2046,0.01,0.2,0.016344086,na
II,373402,816,3808,0.01,0.2,0.033978495,na
II,809424,2835,8741,0.01,0.2,0.018924731,na
II,229913,1074,3931,0.01,0.2,0.014193548,na
II,733616,6375,11664,0.01,0.2,0.012903226,na
II,458537,4607,14443,0.01,0.2,0.011096774,na
II,579984,2599,9279,0.01,0.2,0.016516129,na
II,558691,4845,10894,0.01,0.2,0.012903226,na
II,565138,2031,15541,0.01,0.2,0.018322581,na
II,135144,1528,2500,0.01,0.2,0.009806452,na
II,151844,177,622,0.01,0.2,0.050322581,na
II,222422,316,756,0.01,0.2,0.04516129,na
II,389584,310,2532,0.01,0.2,0.081290323,na
II,118079,95,377,0.01,0.2,0.072258065,na
II,919476,614,4045,0.01,0.2,0.087741935,na
II,969298,1309,5524,0.01,0.2,0.064516129,na
II,665917,1461,3995,0.01,0.2,0.043870968,na
II,649186,198,2791,0.01,0.2,0.096774194,na
II,490650,538,2600,0.01,0.2,0.052903226,na
II,985530,820,5913,0.01,0.2,0.077419355,na
II,414949,724,7842,0.01,0.2,0.016774194,na
II,940553,2708,9593,0.01,0.2,0.030537634,na
II,211688,989,2794,0.01,0.2,0.020645161,na
II,443539,1615,8249,0.01,0.2,0.017634409,na
II,907780,1417,17974,0.01,0.2,0.018924731,na
II,407961,961,4650,0.01,0.2,0.027526882,na
II,927506,5510,22260,0.01,0.2,0.014709677,na
II,624097,5841,13106,0.01,0.2,0.010322581,na
II,256945,1671,8479,0.01,0.2,0.014967742,na
II,964870,7289,15437,0.01,0.2,0.007741935,na
II,602417,326,3554,0.01,0.2,0.096774194,na
II,742596,358,2524,0.01,0.2,0.054193548,na
II,568678,765,2729,0.01,0.2,0.038709677,na
II,706419,398,2189,0.01,0.2,0.100645161,na
II,361074,324,1480,0.01,0.2,0.058064516,na
IV,708443,199,2550,0.01,0.2,0.099354839,na
II,305068,278,1464,0.01,0.2,0.061935484,na
II,233491,1334,2521,0.01,0.2,0.015053763,na
II,100911,208,2028,0.01,0.2,0.025376344,na
II,782788,686,13150,0.01,0.2,0.029677419,na
II,600545,1078,10449,0.01,0.2,0.031397849,na
II,453221,1377,9291,0.01,0.2,0.017032258,na
II,627721,2743,13182,0.01,0.2,0.012903226,na
II,496037,2370,13889,0.01,0.2,0.016258065,na
II,939808,3047,28664,0.01,0.2,0.008,na
II,530189,3071,12194,0.01,0.2,0.009806452,na
II,895133,455,5997,0.01,0.2,0.04516129,na
II,761620,247,2741,0.01,0.2,0.070967742,na
II,941857,547,5368,0.01,0.2,0.086451613,na
II,595600,2715,8040,0.01,0.2,0.015053763,na
II,610451,1468,17703,0.01,0.2,0.009548387,na
II,681082,3295,17708,0.01,0.2,0.009548387,na
II,939695,733,3570,0.01,0.2,0.078709677,na
II,138972,170,917,0.01,0.2,0.050322581,na
II,701916,162,4071,0.01,0.2,0.095483871,na
II,177485,270,585,0.01,0.2,0.04,na
II,195536,182,1075,0.01,0.2,0.043870968,na
II,497326,129,1541,0.01,0.2,0.08516129,na
II,220575,118,1257,0.01,0.2,0.041290323,na
II,967420,664,5804,0.01,0.2,0.089032258,na
II,917197,1834,9355,0.01,0.2,0.03311828,na
II,985985,2236,15677,0.01,0.2,0.029247312,na
II,454130,1459,6811,0.01,0.2,0.020645161,na
II,748017,2556,10547,0.01,0.2,0.018064516,na
II,229804,725,2206,0.01,0.2,0.021075269,na
II,364496,953,4483,0.01,0.2,0.025376344,na
II,334013,1572,6212,0.01,0.2,0.014193548,na
II,931627,2106,27017,0.01,0.2,0.019612903,na
II,401082,404,9224,0.01,0.2,0.020387097,na
II,535290,2301,11508,0.01,0.2,0.015483871,na
II,532041,1446,9310,0.01,0.2,0.014967742,na
II,848334,3688,23329,0.01,0.2,0.014193548,na
II,447966,189,1343,0.01,0.2,0.086451613,na
II,109883,163,3131,0.01,0.2,0.01316129,na
II,594291,2889,10400,0.01,0.2,0.008,na
II,688708,431,2617,0.01,0.2,0.077419355,na
II,310630,402,4659,0.01,0.2,0.013333333,na
II,525958,1874,16304,0.01,0.2,0.013677419,na
II,780526,4115,23806,0.01,0.2,0.009806452,na
II,108011,660,3348,0.01,0.2,0.008,na
II,853500,208,5889,0.01,0.2,0.059354839,na
II,271954,119,843,0.01,0.2,0.065806452,na
II,516904,1529,9304,0.01,0.2,0.010322581,na
II,353066,168,1518,0.01,0.2,0.056774194,na
II,119457,357,1397,0.01,0.2,0.012903226,na
II,395778,831,7480,0.01,0.2,0.019354839,na
II,149387,336,2061,0.01,0.2,0.018064516,na
II,162160,35,583,0.01,0.2,0.051612903,na
II,829627,482,3650,0.01,0.2,0.061935484,na
II,259266,91,4666,0.01,0.2,0.032258065,na
II,696573,1136,19155,0.01,0.2,0.014709677,na
II,812511,497,21531,0.01,0.2,0.019612903,na
II,616691,443,19117,0.01,0.2,0.016774194,na
II,553534,1261,14945,0.01,0.2,0.014967742,na
II,737646,647,25448,0.01,0.2,0.012129032,na
II,518876,576,9339,0.01,0.2,0.009548387,na
II,999605,133,6797,0.01,0.2,0.067096774,na
II,463169,394,4446,0.01,0.2,0.031827957,na
II,242192,20,1404,0.01,0.2,0.094193548,na
II,427957,169,8088,0.01,0.2,0.020215054,na
II,873484,1286,24894,0.01,0.2,0.011354839,na
II,580189,127,2436,0.01,0.2,0.086451613,na
II,691317,81,4562,0.01,0.2,0.052903226,na
II,194050,20,1241,0.01,0.2,0.060645161,na
II,320850,107,6256,0.01,0.2,0.018924731,na
II,856828,60,5483,0.01,0.2,0.08,na
II,718112,268,12207,0.01,0.2,0.015483871,na
II,562113,55,3428,0.01,0.2,0.050322581,na
II,399448,21,1677,0.01,0.2,0.094193548,na
II,406359,425,13613,0.01,0.2,0.014709677,na
II,166512,108,5411,0.01,0.2,0.015225806,na
II,553012,274,7465,0.01,0.2,0.017634409,na
II,361436,245,6722,0.01,0.2,0.017204301,na
II,862322,135,3880,0.01,0.2,0.04,na
II,657973,510,2697,0.01,0.2,0.068292683,na
II,951189,907,5992,0.01,0.2,0.056585366,na
II,164999,205,956,0.01,0.2,0.048780488,na
II,268188,295,804,0.01,0.2,0.037073171,na
II,816576,723,5552,0.01,0.2,0.04,na
II,500069,630,3350,0.01,0.2,0.032195122,na
II,902197,3988,8119,0.01,0.2,0.01203252,na
II,851928,2956,10223,0.01,0.2,0.011707317,na
II,432984,1639,14504,0.01,0.2,0.010731707,na
II,900039,4154,30151,0.01,0.2,0.008780488,na
II,248162,686,8437,0.01,0.2,0.014439024,na
II,310345,1892,4810,0.01,0.2,0.005853659,na
II,412239,2431,7008,0.01,0.2,0.010146341,na
II,333915,2536,5676,0.01,0.2,0.008,na
II,472625,2327,11579,0.01,0.2,0.012292683,na
II,318771,1941,10997,0.01,0.2,0.006634146,na
II,696756,538,3065,0.01,0.2,0.066341463,na
II,307858,290,1046,0.01,0.2,0.032195122,na
II,104265,63,312,0.01,0.2,0.050731707,na
II,177333,69,815,0.01,0.2,0.077073171,na
II,856273,857,3168,0.01,0.2,0.050731707,na
II,914401,1305,2834,0.01,0.2,0.032195122,na
II,843493,2068,11134,0.01,0.2,0.018536585,na
II,191049,810,2751,0.01,0.2,0.010731707,na
II,564652,872,9316,0.01,0.2,0.019837398,na
II,874409,2103,12853,0.01,0.2,0.021138211,na
II,125056,599,3939,0.01,0.2,0.009560976,na
II,979094,3219,17134,0.01,0.2,0.009170732,na
II,401166,3111,7020,0.01,0.2,0.005853659,na
II,415861,1630,10604,0.01,0.2,0.011707317,na
II,565687,1597,10748,0.01,0.2,0.010731707,na
II,244611,705,6604,0.01,0.2,0.011707317,na
IV,923853,195,6282,0.01,0.2,0.062439024,na
II,992304,614,4564,0.01,0.2,0.070243902,na
II,438206,165,2804,0.01,0.2,0.076097561,na
II,675775,962,12772,0.01,0.2,0.020162602,na
II,865124,924,11419,0.01,0.2,0.01203252,na
II,628794,838,8300,0.01,0.2,0.009756098,na
II,673241,2818,11445,0.01,0.2,0.009365854,na
II,873274,2323,13535,0.01,0.2,0.010731707,na
II,568283,2110,8524,0.01,0.2,0.00702439,na
IV,747823,1630,14956,0.01,0.2,0.00604878,na
II,984614,288,3741,0.01,0.2,0.03804878,na
II,323100,99,1744,0.01,0.2,0.072195122,na
II,390067,254,1833,0.01,0.2,0.037073171,na
II,182395,26,620,0.01,0.2,0.077073171,na
II,946518,344,3123,0.01,0.2,0.066341463,na
II,482105,922,8967,0.01,0.2,0.019186992,na
II,778112,1979,7469,0.01,0.2,0.014308943,na
II,228306,177,2260,0.01,0.2,0.014308943,na
II,302135,217,4713,0.01,0.2,0.015284553,na
II,575239,848,5867,0.01,0.2,0.01495935,na
II,455016,1019,8645,0.01,0.2,0.014829268,na
II,972916,3030,33079,0.01,0.2,0.007804878,na
II,892007,2004,16056,0.01,0.2,0.010731707,na
IV,100989,89,1615,0.01,0.2,0.013463415,na
II,705552,212,3245,0.01,0.2,0.034146341,na
II,539064,178,2749,0.01,0.2,0.057560976,na
II,825200,1642,16338,0.01,0.2,0.010406504,na
II,248903,251,2314,0.01,0.2,0.018861789,na
II,451466,876,11060,0.01,0.2,0.009756098,na
II,355980,691,10145,0.01,0.2,0.009756098,na
II,997932,1379,32931,0.01,0.2,0.013658537,na
II,831588,1416,20373,0.01,0.2,0.00604878,na
II,519021,1044,10899,0.01,0.2,0.015219512,na
II,105061,80,2416,0.01,0.2,0.012292683,na
II,223784,94,1275,0.01,0.2,0.03804878,na
II,941284,418,16660,0.01,0.2,0.019512195,na
II,811596,312,16800,0.01,0.2,0.022764228,na
II,311975,533,3837,0.01,0.2,0.015284553,na
II,472349,252,11572,0.01,0.2,0.01502439,na
II,957152,3976,28235,0.01,0.2,0.005853659,na
II,884048,1784,15912,0.01,0.2,0.012878049,na
II,890855,1217,24498,0.01,0.2,0.015219512,na
II,318575,662,7486,0.01,0.2,0.00995122,na
II,597861,78,2451,0.01,0.2,0.044878049,na
II,785792,338,15558,0.01,0.2,0.014634146,na
II,910143,1253,26849,0.01,0.2,0.009170732,na
II,944548,1712,23141,0.01,0.2,0.009756098,na
II,717831,130,4953,0.01,0.2,0.058536585,na
II,427549,83,5387,0.01,0.2,0.025691057,na
II,146939,33,2688,0.01,0.2,0.022113821,na
II,299281,198,6135,0.01,0.2,0.01502439,na
II,677913,280,13219,0.01,0.2,0.021788618,na
II,894481,617,15027,0.01,0.2,0.012357724,na
II,622337,737,10579,0.01,0.2,0.007609756,na
II,825855,108,3798,0.01,0.2,0.058536585,na
II,276862,159,2491,0.01,0.2,0.012682927,na
II,921754,241,8848,0.01,0.2,0.010081301,na
II,275859,257,1186,0.01,0.2,0.029803922,na
II,577085,589,3462,0.01,0.2,0.030588235,na
II,932054,397,6337,0.01,0.2,0.049411765,na
II,819222,807,5652,0.01,0.2,0.028235294,na
II,456475,397,2647,0.01,0.2,0.032156863,na
II,112386,62,696,0.01,0.2,0.050196078,na
II,410217,426,2379,0.01,0.2,0.026666667,na
II,602978,209,3316,0.01,0.2,0.060392157,na
II,556767,302,1837,0.01,0.2,0.057254902,na
II,523482,1245,6909,0.01,0.2,0.013071895,na
II,671638,1832,8462,0.01,0.2,0.011503268,na
II,412198,866,4822,0.01,0.2,0.014901961,na
II,170028,326,2244,0.01,0.2,0.01620915,na
II,732999,3235,12094,0.01,0.2,0.007058824,na
II,467723,2042,9588,0.01,0.2,0.00627451,na
II,314557,653,10537,0.01,0.2,0.008941176,na
II,456418,2328,11182,0.01,0.2,0.006117647,na
II,880328,245,5281,0.01,0.2,0.060392157,na
II,324913,84,1624,0.01,0.2,0.058039216,na
II,968757,538,3971,0.01,0.2,0.030588235,na
II,980012,258,5488,0.01,0.2,0.057254902,na
II,129923,134,1909,0.01,0.2,0.014640523,na
II,924269,1187,14695,0.01,0.2,0.019869281,na
II,541251,724,5520,0.01,0.2,0.01124183,na
II,298549,684,3672,0.01,0.2,0.010980392,na
II,548498,1722,14260,0.01,0.2,0.005333333,na
II,797060,1618,15542,0.01,0.2,0.011137255,na
II,363838,305,5130,0.01,0.2,0.014640523,na
II,676800,934,11167,0.01,0.2,0.010039216,na
II,996265,1336,28393,0.01,0.2,0.009254902,na
II,896161,1633,13442,0.01,0.2,0.006745098,na
II,906663,335,3354,0.01,0.2,0.041568627,na
IV,453343,125,8024,0.01,0.2,0.019869281,na
II,189832,122,3530,0.01,0.2,0.007843137,na
II,493659,565,6812,0.01,0.2,0.013333333,na
II,797858,993,13563,0.01,0.2,0.008941176,na
II,738186,1723,25098,0.01,0.2,0.007215686,na
II,774165,1564,15870,0.01,0.2,0.005019608,na
II,117726,199,2884,0.01,0.2,0.009098039,na
II,894281,1601,27275,0.01,0.2,0.009411765,na
II,468038,1068,7956,0.01,0.2,0.004862745,na
II,169637,18,508,0.01,0.2,0.038431373,na
II,124782,81,2320,0.01,0.2,0.013856209,na
II,211339,197,2979,0.01,0.2,0.014640523,na
II,466868,722,6582,0.01,0.2,0.008104575,na
II,336539,420,8918,0.01,0.2,0.010039216,na
II,530684,287,11940,0.01,0.2,0.007686275,na
II,330292,51,1750,0.01,0.2,0.043921569,na
II,349800,303,5351,0.01,0.2,0.011764706,na
II,413936,174,4222,0.01,0.2,0.008104575,na
II,392616,106,4829,0.01,0.2,0.013594771,na
II,282873,123,9334,0.01,0.2,0.007843137,na
II,425639,321,7448,0.01,0.2,0.00972549,na
II,715704,299,15387,0.01,0.2,0.008784314,na
II,749939,757,12149,0.01,0.2,0.008888889,na
II,115531,31,1525,0.01,0.2,0.010196078,na
II,977058,549,11724,0.01,0.2,0.008104575,na
II,297571,13,1398,0.01,0.2,0.040784314,na
II,790960,423,7355,0.01,0.2,0.010980392,na
II,103733,48,3267,0.01,0.2,0.007843137,na
II,247069,38,5040,0.01,0.2,0.009673203,na
II,245300,49,4856,0.01,0.2,0.009934641,na
II,542104,305,2439,0.01,0.2,0.030163934,na
II,737093,413,4422,0.01,0.2,0.020327869,na
II,957325,320,4882,0.01,0.2,0.050491803,na
II,116586,203,2098,0.01,0.2,0.009836066,na
II,913101,3445,25110,0.01,0.2,0.004459016,na
II,437483,609,9405,0.01,0.2,0.008131148,na
II,356888,625,10171,0.01,0.2,0.009704918,na
II,155950,44,623,0.01,0.2,0.03147541,na
II,415000,213,2739,0.01,0.2,0.02557377,na
II,860239,429,4215,0.01,0.2,0.023606557,na
II,821501,1094,10104,0.01,0.2,0.009836066,na
II,618430,335,5565,0.01,0.2,0.016174863,na
II,148353,99,2892,0.01,0.2,0.011803279,na
II,532106,456,5906,0.01,0.2,0.015519126,na
II,817420,1615,25748,0.01,0.2,0.006688525,na
II,894779,1811,14763,0.01,0.2,0.004327869,na
II,679230,115,4550,0.01,0.2,0.036065574,na
II,649707,87,1949,0.01,0.2,0.051147541,na
II,658396,385,5925,0.01,0.2,0.015737705,na
II,984763,1075,15362,0.01,0.2,0.009398907,na
IV,697670,214,13255,0.01,0.2,0.010229508,na
II,132549,80,2452,0.01,0.2,0.005114754,na
II,808494,769,18191,0.01,0.2,0.006557377,na
II,785463,232,4084,0.01,0.2,0.026885246,na
II,588696,318,8477,0.01,0.2,0.009836066,na
II,437705,109,14006,0.01,0.2,0.009704918,na
II,737898,412,16602,0.01,0.2,0.004327869,na
II,461469,469,9229,0.01,0.2,0.007868852,na
II,295445,44,1861,0.01,0.2,0.02557377,na
II,106672,26,1344,0.01,0.2,0.015519126,na
II,137043,18,2713,0.01,0.2,0.013989071,na
II,973716,767,30185,0.01,0.2,0.005245902,na
II,449533,16,1753,0.01,0.2,0.041967213,na
II,471759,73,2641,0.01,0.2,0.028852459,na
II,891270,109,4812,0.01,0.2,0.028196721,na
II,612895,69,5883,0.01,0.2,0.010273224,na
II,629059,184,17299,0.01,0.2,0.007868852,na
II,997029,152,17448,0.01,0.2,0.007606557,na
II,122143,7,659,0.01,0.2,0.030163934,na
II,317642,8,952,0.01,0.2,0.02557377,na
II,701152,218,3225,0.01,0.2,0.018028169,na
II,253357,104,1722,0.01,0.2,0.023098592,na
II,909332,440,10093,0.01,0.2,0.012957746,na
II,150381,74,1985,0.01,0.2,0.011455399,na
II,795973,1128,21889,0.01,0.2,0.006647887,na
II,843547,1221,28258,0.01,0.2,0.004394366,na
II,404537,430,6674,0.01,0.2,0.005295775,na
II,197328,299,6709,0.01,0.2,0.004169014,na
II,410561,540,13343,0.01,0.2,0.00428169,na
II,556058,363,9508,0.01,0.2,0.009577465,na
II,104679,127,2145,0.01,0.2,0.003492958,na
II,726706,449,14897,0.01,0.2,0.007549296,na
II,166285,12,997,0.01,0.2,0.041126761,na
II,707042,40,2121,0.01,0.2,0.027605634,na
II,438052,53,1401,0.01,0.2,0.03943662,na
II,817704,390,11529,0.01,0.2,0.009953052,na
II,817271,400,15691,0.01,0.2,0.010704225,na
II,428696,113,6559,0.01,0.2,0.00600939,na
II,159326,39,1577,0.01,0.2,0.012769953,na
II,477202,346,7396,0.01,0.2,0.004394366,na
II,598397,362,10471,0.01,0.2,0.005746479,na
II,578222,283,12720,0.01,0.2,0.007211268,na
II,352976,40,6883,0.01,0.2,0.010328638,na
II,176867,4,955,0.01,0.2,0.034929577,na
II,667690,143,8412,0.01,0.2,0.009953052,na
II,677665,175,4404,0.01,0.2,0.020740741,na
II,365210,151,5806,0.01,0.2,0.007736626,na
II,737718,333,10623,0.01,0.2,0.007901235,na
II,764272,391,7566,0.01,0.2,0.010534979,na
II,665070,696,12370,0.01,0.2,0.005102881,na
II,896738,1023,29592,0.01,0.2,0.003160494,na
II,213232,167,3944,0.01,0.2,0.004049383,na
II,840782,120,5128,0.01,0.2,0.027160494,na
II,624101,40,2746,0.01,0.2,0.035555556,na
II,354337,98,6590,0.01,0.2,0.008230453,na
II,375570,57,1840,0.01,0.2,0.016296296,na
II,581883,26,2152,0.01,0.2,0.036049383,na
II,957499,102,19532,0.01,0.2,0.007736626,na
II,565971,471,19525,0.01,0.2,0.003259259,na
IV,161113,3,934,0.01,0.2,0.029135802,na
II,191358,13,1186,0.01,0.2,0.017283951,na
II,373962,38,5796,0.01,0.2,0.00582716,na
II,239334,4,1220,0.01,0.2,0.020246914,na
II,519949,150,9099,0.01,0.2,0.003160494,na
II,709439,88,4824,0.01,0.2,0.014945055,na
II,888056,100,3996,0.01,0.2,0.018461538,na
II,566163,389,18966,0.01,0.2,0.003956044,na
II,971267,770,31566,0.01,0.2,0.002637363,na
II,571181,386,11423,0.01,0.2,0.003076923,na
II,423113,132,9308,0.01,0.2,0.006065934,na
IV,248768,6,1169,0.01,0.2,0.013186813,na
